,A01060101_sj,A01060102_sj,A01060103_sj,A01060104_sj,A01060105_sj,A01060106_sj,A01060107_sj,A01060108_sj,A01060109_sj,A0106010A_sj,A0106010B_sj,A0106010C_sj,A0106010D_sj,A0106010E_sj,A0106010F_sj,A0106010G_sj,A0106010H_sj
202303,0.0,0.0,0.0,0.0,0.0,0.0,0.0,0.0,0.0,0.0,0.0,0.0,0.0,0.0,0.0,0.0,0.0
202302,0.0,0.0,0.0,0.0,0.0,0.0,0.0,0.0,0.0,0.0,0.0,0.0,0.0,0.0,0.0,0.0,0.0
202301,0.0,0.0,0.0,0.0,0.0,0.0,0.0,0.0,0.0,0.0,0.0,0.0,0.0,0.0,0.0,0.0,0.0
202212,99.7,100.3,100.1,100.1,100.0,100.4,100.2,100.5,100.4,100.1,99.9,99.8,101.2,100.0,100.0,95.9,99.9
202211,99.9,99.4,100.2,100.3,100.0,98.8,99.5,99.5,99.0,99.4,100.0,100.3,102.8,100.0,100.0,101.4,100.1
202210,100.1,100.0,100.3,100.3,100.2,100.1,100.1,100.5,100.6,100.1,100.1,100.3,101.7,100.0,100.2,99.3,100.1
202209,100.3,101.5,100.0,100.9,100.1,99.7,100.9,99.9,99.8,99.9,100.0,100.8,99.0,100.0,100.7,99.3,100.1
202208,99.6,100.4,100.0,99.7,99.8,99.7,100.3,100.0,99.7,99.8,100.0,100.5,101.9,100.1,100.4,96.5,99.8
202207,100.1,102.2,100.1,99.6,100.0,100.7,100.3,99.8,100.0,100.2,100.1,99.9,96.1,100.0,99.4,97.4,100.0
202206,100.2,98.8,100.2,99.9,99.9,99.2,99.9,100.5,99.9,99.6,100.0,99.7,99.5,100.1,100.4,104.5,100.2
202205,99.9,99.0,100.1,100.4,100.0,99.9,99.8,100.7,100.5,99.6,100.2,101.1,100.2,100.1,100.5,100.4,99.8
202204,100.4,100.8,100.2,99.8,100.0,100.1,100.2,100.8,100.8,99.9,100.0,102.1,98.6,100.1,99.8,101.8,100.1
202203,100.6,99.0,100.3,100.4,100.1,99.9,100.3,100.6,99.9,100.1,100.0,100.3,104.3,100.1,99.9,105.9,100.0
202202,100.8,101.3,100.2,99.6,99.9,100.7,100.5,100.3,100.9,99.9,100.1,101.3,102.2,100.0,100.6,104.2,100.0
202201,100.3,101.3,99.9,99.4,99.9,99.8,98.8,99.3,99.6,100.2,100.1,98.6,101.0,100.0,100.3,101.7,99.9
202112,99.5,99.7,100.1,100.1,100.1,100.5,100.6,100.4,100.0,100.0,99.9,100.3,97.9,99.9,99.9,95.9,100.1
202111,100.4,101.6,100.4,100.2,100.3,99.8,99.1,98.9,100.2,99.8,100.6,98.8,101.5,99.6,100.2,101.8,100.5
202110,101.0,101.3,100.2,100.3,100.3,100.0,100.9,100.3,100.1,100.0,100.2,100.9,98.8,100.1,100.0,105.7,101.1
202109,100.1,99.5,99.9,101.0,99.9,100.1,100.5,100.3,100.0,100.1,100.0,99.1,100.7,100.0,100.5,100.8,100.4
202108,100.0,100.6,100.1,99.9,100.0,99.9,99.4,99.2,100.0,100.0,100.1,101.5,97.7,100.0,100.0,99.5,100.2
202107,100.3,99.8,100.3,99.6,99.9,100.6,100.8,101.1,100.1,100.1,100.3,99.5,97.4,100.1,100.3,102.6,100.1
202106,99.8,98.4,100.2,99.7,100.0,99.9,99.6,100.0,100.0,99.8,100.1,99.4,101.0,100.1,100.1,101.6,100.1
202105,100.0,98.9,100.1,100.4,100.1,100.3,100.1,99.8,100.2,99.9,100.2,99.1,101.8,100.0,99.6,101.5,100.3
202104,99.7,98.3,100.2,100.0,100.2,100.4,100.5,99.8,99.9,100.0,100.0,100.9,102.1,100.0,100.1,99.5,100.3
202103,99.9,97.2,100.5,100.4,100.1,100.4,100.4,99.9,100.2,100.0,100.3,99.7,97.1,100.0,100.2,104.2,100.4
202102,100.5,101.5,99.8,99.5,100.1,99.9,100.0,99.9,100.2,100.3,100.4,98.9,98.1,100.0,100.0,102.4,100.1
202101,101.0,103.2,100.0,99.6,100.1,100.3,100.0,100.3,100.2,100.1,100.1,99.5,101.2,99.9,100.0,103.6,100.0
202012,100.9,102.4,100.1,100.0,100.1,100.1,100.1,100.1,100.1,100.2,100.0,100.1,98.7,100.0,100.1,103.5,100.2
202011,99.6,98.1,100.2,100.4,99.9,99.8,100.0,100.0,100.1,100.3,100.1,99.9,98.9,100.1,100.1,100.3,100.1
202010,99.6,98.5,100.3,100.4,100.0,100.2,100.2,100.0,100.1,100.0,100.3,100.1,97.9,100.1,100.1,99.2,100.2
202009,100.05703332,100.38958406,99.93815074,100.98491838,100.06405185,99.9770366,99.94101255,99.84859278,100.06516812,99.97037629,99.8522663,100.15879901,96.67150957,100.00448801,100.13856497,99.58462276,99.99697608
202008,100.50075924,101.17389268,100.10144818,99.80939178,99.89148794,99.92644907,99.95296106,99.96788679,99.95902981,100.02001296,100.05831364,100.11738288,108.28545745,100.11872624,100.06903309,100.41157835,100.01815701
202007,100.62162486,102.29622939,100.13325003,99.46242282,99.96401836,99.98756186,99.79805224,100.00531673,99.91373211,99.76401623,100.05964602,100.10960153,102.81765509,100.02181067,100.03567989,101.16164921,99.93478837
202006,99.92487562,100.13508782,100.06785646,99.72305564,99.81909349,99.48206763,99.87624088,99.9324889,99.87329701,99.57776435,99.85020504,99.93708077,101.37394655,99.92098357,100.29016567,99.94297271,99.95124826
202005,99.25367246,97.16595399,99.92861546,100.17314037,99.99337709,99.86354656,100.06434497,100.04758337,100.00446897,99.73333103,100.07509014,99.94913535,101.74558909,99.76978446,100.07457642,99.47294638,99.9901941
202004,98.94659781,97.49511643,100.04473202,99.90178638,99.90794883,99.70218439,100.10087402,99.85267006,99.82947832,100.00901808,99.77046263,100.30292924,100.07874794,100.0400043,99.97058276,95.07472935,99.82215671
202003,98.65812825,96.71305136,100.12933406,99.88248609,99.95130544,99.8073295,100.4255573,99.998671,99.88235051,99.91099296,99.93422888,99.87226066,102.01186151,100.17163897,100.11299436,93.72979541,99.78215787
202002,100.63365102,103.64721345,100.2892926,99.71362491,100.00443786,99.98950798,100.10932975,100.2053027,100.0475669,100.02143858,100.03086673,100.11222143,100.33515763,100.1139342,99.99532294,96.68861553,100.00223773
202001,101.02759831,103.77620584,99.66627749,99.38476872,99.7798239,99.74083009,99.92569585,99.99948029,100.09480153,99.94688725,99.90979626,100.17009489,103.27741771,99.75951975,100.3383579,101.87902964,100.07439463
201912,100.06626703,99.84263013,100.11498559,99.78483016,100.02738901,100.06259431,100.19282482,100.11294758,99.97867719,99.78254162,99.98390666,100.05860449,99.73931516,100.05253848,99.98417588,101.44791558,100.19914867
201911,100.38677721,101.672817,100.17874611,100.39425951,100.09863279,99.38366006,100.02574865,99.94279438,99.96059978,99.90736596,100.00759157,100.03882418,97.96150055,100.09734121,100.11245659,100.19475395,100.15037688
201910,100.78420266,102.93972637,100.24605928,100.25024374,100.22393304,99.94057717,100.08957591,100.03384802,100.11780897,99.99768869,99.95957122,100.24320438,99.40886737,100.11840446,100.03001494,100.57424404,100.13638999
201909,100.83121373,102.80871216,100.00007871,100.85451156,99.89063893,99.71919121,100.02059794,100.03009913,100.08766404,100.04309935,100.01957915,100.12492644,104.17321453,100.14933696,100.72007518,100.09983966,100.01901727
201908,100.54123151,102.39762663,100.24071798,99.700049,100.1566201,99.84070101,99.6994016,99.97664787,99.97042205,99.8131066,99.99713891,100.1603465,105.11486482,100.2489866,100.22437883,99.31025435,100.00519831
201907,100.08258793,100.73597396,100.31473016,99.59963314,100.07211486,100.02881629,99.90939626,100.08589472,100.02346807,99.87173763,100.09665696,100.1971196,102.70527738,100.21339821,99.98250325,98.61081429,100.06544726
201906,99.72947613,99.74114678,100.1946793,99.90189576,99.93086291,99.58175324,99.6543736,99.99761614,99.89230272,99.71805371,99.97908765,100.24928844,102.79528944,100.24685486,99.99038344,97.70550809,100.00779793
201905,100.06941971,100.1121122,100.0361251,100.08907964,100.09526357,99.95072716,99.95929198,100.05516898,99.93895009,99.43997099,100.08092831,100.12959306,99.78700015,100.29599271,99.88810877,101.10248609,100.01157276
201904,99.94950748,99.91451774,99.97736886,100.04889825,99.86430484,100.1001952,99.85020663,99.92869859,99.9068032,99.66018777,100.11926275,100.49226975,100.99938224,100.25678509,100.14103195,99.66351315,100.0311391
201903,100.03547183,99.14202891,100.42594262,100.69239172,100.08425266,99.83153353,100.23461454,99.96660916,99.8905275,99.7071803,100.02875226,99.79210039,99.84336497,100.32450027,100.20932295,101.86261495,100.06741107
201902,100.76234404,102.83031058,99.94744425,99.77919267,99.90215674,99.83138267,99.79400924,100.20865949,100.19624509,99.90921117,100.10761692,100.08679809,99.50063924,100.36898191,100.13441266,101.75605813,99.98305674
201901,100.13436953,101.41961786,99.76945267,99.66555434,100.03256114,99.95506428,99.96613567,99.94897985,99.99772574,99.82921949,100.11827522,100.01882914,102.0745467,100.24782877,101.53901475,97.87354248,100.10032703
201812,99.70099081,100.98533627,100.05850554,100.12187358,100.01719726,100.09394865,99.94548392,100.11833059,100.15111679,100.07513037,100.04956421,100.07529489,99.72075436,100.2153901,100.06311341,94.01321024,100.12074609
201811,99.60840508,98.95058601,100.18114274,100.40472654,100.26181453,99.68727723,100.06555414,100.0813065,100.04618426,100.13158334,100.20212458,100.07597984,101.24957546,100.29419101,100.15948841,97.06216746,100.167034
201810,100.44154896,99.78516762,100.23379601,100.76509799,100.17665231,99.96891601,100.40107874,100.09391005,100.05692021,100.23941011,100.17782711,100.09992895,100.68744463,100.36211067,100.20230034,103.03656593,100.19614514
201809,100.7325063,101.88250609,99.91963198,100.79685117,100.19066647,99.82497548,100.44477014,100.21349901,100.0294962,99.98989839,100.04446212,100.27009342,98.96579116,100.41093913,100.78771226,102.19420461,100.07240358
201808,100.51633118,101.99156052,100.12250487,99.92958704,99.94803922,99.88559926,99.94929062,100.03753653,100.11418004,99.72016372,100.09803388,100.24358357,99.49670974,100.64705879,101.23525786,100.71426606,100.09048538
201807,100.11829233,100.20725185,100.22393376,99.60153151,100.08909038,100.06376583,99.85043057,100.11561119,100.04802709,99.68695159,99.99628433,100.0931625,99.80524091,100.42834468,101.29213464,100.81466175,100.13545549
201806,99.97661099,99.36859424,100.10692395,99.83049775,100.09787699,99.88640602,99.92104543,99.95378322,99.99246121,99.87079534,100.18578266,100.09540536,99.7122787,100.45631689,100.00122369,101.25155007,100.00689437
201805,100.0063614,98.91198668,100.1937088,100.1809431,100.1713531,100.0567689,99.79846988,100.2108522,100.0866228,99.81618905,100.2437035,100.0251826,99.62464733,100.4088266,100.0441185,102.0247427,100.2608438
201804,99.87317918,98.47456317,100.1396543,100.1644021,100.1566574,99.96574962,100.1106932,100.2388173,100.0652102,100.0032249,100.0792593,100.2945324,100.1678649,100.4834809,100.1256819,101.1782516,100.1831154
201803,99.13807783,96.52629006,100.3438107,100.6847905,100.0202799,99.90244264,99.7039315,100.0784266,99.91061197,99.78646406,100.1899314,100.011261,100.2419684,100.4789004,100.1675542,98.02110869,100.1956965
201802,100.7190257,103.9051833,99.8747091,99.36165702,99.81485581,99.76417167,99.86879196,99.9370588,100.1804045,99.78315611,100.2062527,99.96851556,98.17291815,100.1645141,100.0479454,100.0690885,100.0435923
201801,100.6059321,101.9164713,100.1242494,99.59101267,100.0406428,100.0505241,99.93696721,100.0568298,100.1545641,99.86007045,100.1507543,99.95362163,101.6338014,100.2701972,100.5855607,101.7974052,100.2899503
201712,100.4078583,100.9580247,100.144365,99.95045675,100.1328902,100.1855976,100.2729261,100.1223394,100.0945295,100.0691528,100.122286,100.1558782,98.66786125,100.2693055,100.1325879,101.4055848,100.5586588
201711,100.2346286,99.6000811,100.1642355,100.5686533,100.0345761,99.86001796,100.0209378,100.1881699,100.1444519,99.95137372,100.4358957,99.93974038,100.0643304,100.2776696,100.2685557,102.3533105,100.3726274
201710,100.2968976,99.96187222,100.1712874,100.5624229,100.2699416,99.9448368,100.0129042,100.247309,100.0250858,99.89479335,100.320372,100.1295895,98.87067538,100.2581399,100.0756432,102.4848572,100.4444475
201709,100.3598281,100.3782277,100.0518659,100.9567223,99.96328589,99.81597075,100.2132383,100.1092098,100.1329056,99.99624166,100.3493813,100.0913769,100.4560434,100.3844188,100.723295,101.3128723,100.2674446
201708,100.4265023,101.0673719,100.0673705,99.80663949,100.0057921,99.92522758,99.98003941,99.95263458,100.0359445,99.94876999,100.3192028,100.0476754,100.7483508,100.4496636,100.1969632,101.8598311,100.2552174
201707,99.79039258,100.0177503,100.1128827,99.56555337,99.96205966,100.0171924,100.0012055,100.000773,100.0195644,99.79082772,100.2235636,100.1257454,98.60582983,100.2080558,100.1088591,98.22906796,100.0816493
201706,99.67720535,99.21754544,100.0597223,99.77293324,100.0816246,99.9182198,99.95820996,100.0044786,99.92414056,99.77476901,100.1442662,99.9672685,99.99475788,100.4029681,99.96299234,98.41947238,100.1687819
201705,99.8489163,99.43864056,100.1196931,100.121062,100.2937483,100.1084257,99.89453362,100.0572184,100.0904266,99.66182658,100.1953557,100.1655586,99.43166146,100.5541228,100.1235618,99.35862475,100.1764431
201704,99.93646697,99.56372875,100.1725096,100.1764364,100.1919495,100.1801023,100.0536911,100.0389464,99.99719483,99.86403411,100.2774232,100.3904801,101.4473944,100.503577,99.96667237,99.07305798,100.2459715
201703,99.69840762,98.31078343,100.2698524,100.6200987,99.96684656,100.100003,100.167617,100.1171332,99.93668608,99.75309597,100.2118565,100.077865,99.86568787,100.5490059,100.0386574,99.59494908,100.2387671
201702,99.97332406,99.56455441,100.16292625,99.74433638,99.86450011,100.25288553,99.98734412,100.08444527,100.15749299,99.89011435,100.21098403,100.1272687,101.85677019,100.30436849,100.1254031,100.15256112,100.04564042
201701,100.7679906,102.1248111,99.86435237,99.43677618,99.78067944,100.077135,100.1171745,99.96739297,100.1125229,99.99776738,100.0985301,99.96643646,101.3621963,100.2796734,100.4623023,103.4899116,100.2374084
201612,100.2678288,100.3800861,100.0383584,99.82156132,100.0191784,100.1906818,99.99491634,100.1598447,100.1671322,100.0557866,100.255983,99.96299711,96.79409995,100.3612721,100.0089476,102.1661909,100.3059894
201611,100.2868308,100.2179814,100.0826989,100.5501357,100.0346073,99.73948954,99.97233501,100.005307,100.052917,100.0295367,100.4067309,100.1457011,100.1899389,100.6166909,100.0314695,101.4298297,100.3112913
201610,99.9553377299999,99.17328806,100.143588899999,100.6159741,100.4117344,99.9631838199999,99.9244673599999,100.004121299999,100.082239999999,99.96092926,99.98647755,100.1119891,97.13384333,100.392989499999,100.0473693,101.127376999999,100.129033899999
201609,100.5150078,101.4764777,99.9707723599999,100.8956141,100.1335633,99.72922787,99.8170638999999,99.99474895,100.0611909,99.7188331299999,99.95813325,99.98651877,99.6636445599999,100.4068835,100.4521368,101.8587696,100.047382299999
201608,99.95151065,100.39536449,100.01388956,99.97007163,99.9163919,99.81841579,99.74517765,99.94096683,100.01172538,99.84645309,100.03087941,100.00485881,100.34170922,100.58161549,100.20690024,98.29268434,100.05152981
201607,100.01978642,99.93805436,100.08112843,99.5631773,99.81833887,99.91644512,99.87610042,100.00537787,99.99196892,99.80219177,99.90269158,100.27779164,104.90743723,100.52222443,100.09902429,99.77584881,99.96920717
201606,99.88111798,98.7833204,99.95433793,99.6410864,99.99957946,99.71080381,99.81871612,99.9941431,99.93602399,99.80109672,100.02219899,100.19181229,100.37219412,100.79267944,100.07320726,102.12751402,100.04941307
201605,99.65611896,97.68176432,100.03563437,100.09878463,100.08812573,99.81500799,99.75241564,100.02905197,99.99524409,99.7013486,100.02683632,100.15255888,102.0419309,100.40455932,99.98013037,101.92939637,100.15335978
201604,99.70703061,98.70095978,99.98629523,100.12537293,100.05566111,99.79152947,99.75685871,100.03959591,100.01251088,99.76274371,100.04907619,100.38487934,99.49303518,100.5415843,99.97769117,100.02041799,100.12280242
201603,99.70736023,98.43388358,100.20507556,100.51055655,100.01439578,99.79089112,99.91957973,100.02371899,99.89115588,99.85606571,99.95205094,100.10676815,103.21638189,100.44628167,99.93446491,99.55746249,99.88277734
201602,101.20405032,105.68482821,99.85782518,99.59738141,99.89475758,99.70285049,99.97067361,99.97001101,100.24030611,99.91573302,100.03366433,100.067331,104.24761164,100.21457081,100.08947313,99.40037192,99.99083459
201601,100.36853002,101.77296995,99.85650838,99.60478336,99.99589956,99.85209773,99.86508369,99.99886506,100.14331688,99.87837183,100.13667213,100.06791286,101.94781362,100.47287943,100.73480928,99.7043369,100.07237853
201512,100.46827322,101.65562801,99.98417872,99.97675142,100.12872189,99.90526202,100.03083273,100.05602914,100.00252893,99.88342705,100.08676634,100.03529719,99.13667089,100.23170403,100.01172527,98.93529978,99.85801119
201511,100.00965964,100.05746026,100.08729914,100.52937743,100.08177201,99.8814688,99.98671246,100.05550977,99.9963843,99.89506002,100.10886215,100.01881335,97.75423483,100.16220053,100.03135764,99.43806784,99.93567152
201510,99.7357162,98.89529563,100.0843721,100.63689565,100.13491134,99.87890446,100.00960056,100.06741696,100.01784239,99.92809836,100.17868522,100.01964531,100.41118097,100.32978799,99.98437933,100.31610074,99.92611701
201509,99.89828782,99.85003241,99.93423944,100.8895868,100.08733779,99.83105556,100.02435827,100.05505792,100.04302936,99.58717929,99.96275116,99.97845613,100.43999777,100.26600159,100.03587466,98.38963048,99.88198732
201508,100.30111453,101.72719516,100.03260143,99.82029007,99.93657383,99.86822851,99.95898596,99.94667451,100.01903031,99.61110903,100.01734452,100.06017449,99.11535293,100.24767455,100.03883216,96.93366171,99.89885368
201507,100.05582655,100.74764666,100.06839204,99.48423519,100.02954895,99.86300515,99.91544346,100.01822664,100.07296633,99.75939524,100.05450896,99.9806541,97.99901796,100.32425265,100.17581535,98.54022766,99.69218307
201506,99.95985523,99.79245984,101.29481517,99.85818063,100.09755734,99.96665307,99.9185017,100.03199378,100.06318967,99.60752308,100.13227327,100.11100145,99.07442827,100.52235672,99.95772813,99.68739774,99.79329994
201505,99.91882674,98.98683797,101.4866086,100.20928832,99.97416814,99.92366213,99.90293467,100.00962587,99.96904,99.85524534,100.10789599,99.96424776,99.55673767,100.19994769,99.99033743,102.31021591,99.90633461
201504,99.65423155,99.01014582,100.0581059,100.45978962,99.87959334,99.94208035,99.94839382,100.00875611,100.01757905,99.76162884,100.0690047,100.08395618,99.99945632,100.12909702,100.04914279,99.34081566,99.96866016
201503,99.64440884,98.25576579,100.13057574,100.82014103,100.08315606,99.89976334,99.91974695,100.16105834,100.10929684,99.93247226,99.98488633,100.02254059,98.41316899,100.18068743,100.10852814,102.50809796,99.84040968
201502,100.85044898,103.01401229,99.84450347,99.66286185,99.95589087,99.78796958,99.91347048,100.03794577,99.95701471,99.86180279,99.98516166,100.18028369,99.4160732,100.09856303,100.09992063,98.89293771,99.79477608
201501,99.94648939,100.64037455,100.00523957,99.69157367,99.95708311,99.92700603,100.06597423,100.08191421,100.17646459,99.95518922,100.18720492,100.06301888,101.85509004,100.21359399,101.83948472,95.55787159,99.94684091
201412,100.25301938,101.26761841,99.98405091,100.12806435,100.17511877,99.95967967,100.05188246,100.02585119,100.00595739,99.90274284,100.13516669,100.06946403,99.99340037,100.25269166,100.13119528,97.4718745,99.92807792
201411,99.77085301,99.68658261,100.07070195,100.85147372,100.11344471,100.16485168,100.0355653,100.04492344,100.02157511,100.00871495,100.20232875,99.93439179,97.8096319,100.2414812,100.04103537,97.02081843,100.17052998
201410,99.83812536,99.64406517,100.09774468,100.91956283,100.2291114,99.7976193,100.01905,100.10749714,100.14059926,99.85451722,100.22496979,100.08353528,98.51974765,100.14611753,100.03412759,98.40036231,100.03256786
201409,100.21286771,100.83012701,99.92173325,101.00869066,100.12698889,99.78088702,99.96787034,100.11298693,100.03899224,99.85556052,99.98807575,100.06735918,97.90292387,100.13897589,100.2439133,98.59191454,99.91632164
201408,100.08923114,100.73682197,99.91529549,99.87869739,99.91136532,99.80905157,99.91910001,100.04145022,100.0587177,99.84830418,100.15383887,99.99686732,99.04281276,100.22283721,100.05155239,98.60571898,99.95594547
201407,99.9150672,99.89234292,99.97113658,99.41580508,100.04384303,99.90009918,99.94440027,99.98577979,100.02989178,99.88591906,99.95391916,100.04984992,100.91344669,100.10238979,100.00527271,100.0593023,99.95967624
201406,99.83047218,99.55204696,99.98095077,99.7769014,99.9482762,99.99121532,99.88730335,100.04516467,100.00721027,99.95375654,100.15688441,99.99234486,99.78967499,100.10622723,100.00983629,100.00817117,99.91799332
201405,100.10641906,100.19650689,100.0292262,100.24433309,100.12055322,99.97146028,99.94529485,100.02427702,100.00294735,99.90770842,100.00991172,100.12878025,99.73078687,100.12663573,100.02564346,100.31306029,99.8911911
201404,99.54150802,98.58877061,100.02961323,100.66928782,100.30473733,99.93686236,99.96865078,100.01258596,100.09187088,99.8055697,100.09666749,100.18265304,99.03802331,100.040468,100.04458586,99.38005754,100.12715432
201403,99.59149725,98.32920589,100.14526212,100.76695079,99.97480522,99.85909479,99.96140306,100.00663497,100.07191194,99.94131788,100.07046404,100.02260011,102.17446285,100.12297994,100.0734875,100.6578269,99.79659076
201402,100.46201985,101.6650177,100.01251933,99.63392282,100.02662295,99.85679118,99.89622408,100.05921363,99.83531788,99.87352553,100.15087825,100.11125541,101.37607051,100.0376133,100.08294355,99.30138969,99.96321987
201401,100.76010044,102.55248567,99.69947271,99.43040478,99.82132522,99.761779,99.91475622,100.02139288,100.25454248,100.01017245,100.10975534,100.07620889,100.25806556,99.97903717,100.46795259,100.07966798,100.05046505
201312,100.32518226,100.6285866,100.03930131,100.09110578,100.11870913,99.87463997,99.89915642,100.0607615,100.08185262,100.0239445,100.26595378,100.00533692,96.85376661,100.16858324,100.04424046,101.6651713,100.18431671
201311,99.94633107,99.79507059,100.11559895,100.51295099,100.00994685,99.89727905,99.8706105,100.02650919,99.96923865,99.84895284,100.23056077,100.0218074,98.42979339,100.15905177,100.10582185,99.61924156,100.26577376
201310,99.88728888,99.51927625,100.11280953,101.02183245,100.50537376,99.85040472,100.01333176,100.12396774,100.05680302,99.85385808,100.13436746,100.00752398,98.45242746,100.17995487,100.05023083,99.32129216,100.13357231
201309,100.73010326,101.59459082,99.91872981,101.16269894,100.14363568,99.71502502,99.83555238,100.01924437,100.04403001,99.83069607,100.07459291,100.13509542,100.03067476,100.2966382,100.06339876,101.62301458,100.05628888
201308,100.47976464,101.26073833,100.05279859,99.88732774,99.88567806,99.85723564,99.71304392,100.07954908,100.0669533,99.85646609,100.19285461,99.99903169,100.88190222,100.18237047,100.07147714,101.033208,100.08004222
201307,99.94157902,99.99366977,99.96585931,99.36606226,100.23750625,99.960467,99.90587432,100.07325309,100.16358314,99.95138917,100.16545465,100.06732947,96.31353682,100.22880327,100.03648703,100.43635261,100.03056481
201306,99.87199391,99.98606252,99.95583985,99.63946336,99.89988109,99.99175402,99.81964972,99.99406513,99.87572985,99.75109871,100.0782675,100.08824291,97.41221509,100.24878269,100.01770632,99.6044887,99.88334966
201305,99.27964094,98.2813342,99.8857374,100.04788668,100.06014846,99.9112003,99.87984696,100.08798209,100.05160378,99.65412748,100.04460423,100.05889101,98.01901663,100.21141852,100.05948009,98.42278604,100.01910416
201304,99.97218195,100.36307963,99.91717227,100.6530968,100.176476,99.85007164,99.97598979,100.05264317,100.03426332,99.72642315,100.08125242,100.27088667,97.28398319,100.23819137,100.02999993,98.05326128,100.1208254
201303,99.10791833,96.88355117,100.10451377,100.71805898,100.19026332,99.91489242,99.99849115,100.04779773,99.99637869,99.73208644,100.04880872,100.03129751,98.73325126,100.18986596,100.09683936,100.99023038,100.02412896
201302,100.82175324,102.79958722,99.90815648,99.33749746,99.74635721,99.78653928,99.96751426,99.94786068,99.96246792,99.88557768,100.08410189,100.0369222,99.20179023,100.12940662,100.18165989,100.17071378,100.18019808
201301,100.89267813,102.93389102,99.98495168,99.57872716,99.93603851,99.83590773,99.99434963,100.08209074,100.23357414,99.94947619,100.19628485,100.10667263,99.74627919,99.85554458,100.2742856,100.16017431,100.19469254
201212,100.74723394,102.66053361,100.19257146,99.96302839,100.25354708,99.88060416,99.89413117,100.02921825,99.97197817,99.82552566,99.99348325,100.08022306,99.13321656,99.96150238,100.01560954,99.46271722,99.98675755
201211,100.17567915,100.39445247,100.10501032,100.95688171,100.32114159,100.06177513,99.95518262,100.04234063,99.97891326,99.72199595,100.39794314,100.15482779,98.57494973,100.09723876,100.02136546,99.66828483,100.18760284
201210,99.89385451,99.09343956,100.16633038,100.87091782,100.09653204,99.63365009,99.78566461,100.11327103,100.00736111,99.80028176,99.98003592,100.13184193,101.07277042,100.03366773,100.04059699,101.14024429,100.16853807
201209,100.40787436,100.14948419,100.05741496,101.19211929,99.96095216,99.74509055,99.87140926,100.0942853,100.18309466,99.70533923,100.08127469,100.09626219,103.76463347,100.04268035,100.51617184,102.8371889,99.86409548
201208,100.58161961,101.65727967,100.14745919,99.79427855,100.14244428,99.7391974,99.8135769,100.16137314,100.17251435,99.66979156,100.08234849,100.19666594,100.29748725,100.03813715,100.13359246,101.52539001,99.76420048
201207,99.67683047,99.84486161,100.07657849,99.4219284,100.364995,99.81879211,99.72543455,100.07983446,100.09056914,99.65971302,100.01740759,100.26612869,99.85457506,100.10125069,100.02802025,97.52760551,99.8932349
201206,99.16448709,98.36844774,100.16883269,99.96095193,99.99738916,99.93337482,99.80542402,100.15207979,100.24199768,99.66780547,100.14582993,100.19071728,99.91280356,100.04314439,100.11175497,96.16873036,99.84126984
201205,99.51334314,99.08132773,100.24008987,100.03347916,99.93472425,99.90327785,99.79311803,100.21596294,100.04889072,99.55137376,99.9968957,100.3517143,98.4014075,100.16087598,100.00258624,98.03869617,99.87067828
201204,99.8643423,98.94498087,100.26179989,100.48668241,99.93027534,99.79490652,99.68822353,100.18712317,100.02727546,99.47481377,100.07893719,100.60176831,99.31208978,100.22811345,99.99470031,102.14229897,100.1299577
201203,100.33107882,100.22735364,100.22980142,100.4651738,99.75525938,99.75374676,99.85174226,100.07944928,100.07515883,99.75060776,99.89538094,99.94941642,99.40693679,100.19808989,100.10588969,103.06970336,100.04721355
201202,100.0177429,99.56397036,100.22851284,99.67849879,100.53440706,99.9948403,99.86886786,100.20587061,100.03459838,99.79555221,100.07501576,100.18266274,102.66611901,100.1518142,100.20426029,101.48612353,99.89020589
201201,101.16935743,104.27399438,100.16234636,98.87331946,99.56913766,99.80764878,99.95738358,99.96959212,100.02060882,99.75683502,100.30482727,100.11701178,98.10893958,99.97865466,100.42256834,100.14537294,100.11607118
201112,100.35810949,101.34416363,100.35568326,100.22424434,99.93235073,99.64225425,99.88417574,100.02780292,100.01009799,99.66299443,99.70058077,100.0409197,97.48005637,100.12531223,100.04944181,100.15436671,99.8551871
201111,99.93067472,99.23527051,100.2828026,101.50178868,100.50145938,100.075754,100.11385722,100.18758003,100.12546361,99.77212691,100.29536055,100.16624609,101.36416224,100.11818628,100.03468461,99.61952745,99.90867592
201110,99.9260771,99.77017536,100.4784085,101.57335239,100.30474168,99.63918265,99.84911229,100.25271447,100.02976531,99.66702493,100.19725574,100.16600356,96.21314087,100.09036557,100.12375977,99.10437644,99.75999179
201109,100.49866494,101.17225246,100.59396196,100.88016345,100.22007433,99.6001331,99.85319888,100.31913732,100.06979698,99.58714558,100.09076826,100.15722673,101.47649303,100.17207555,100.14898315,100.28475317,100.17923867
201108,100.31768891,100.61608708,100.22815883,99.96896314,100.2497986,99.79399817,99.77026441,100.31712442,100.18814451,99.68082605,100.29787569,100.33811372,104.80958888,100.46234586,100.05409401,100.1445457,100.28115771
201107,100.30908191,101.17997041,100.24231765,99.40129567,100.24859557,99.82158744,99.75187103,100.26838321,100.037325,99.56816651,100.08073747,100.07536958,100.4564055,100.53413734,100.03095098,99.79013208,100.13561836
201106,100.2,100.9,100.3,99.8,100.2,99.9,99.8,100.3,100.1,99.5,100.3,100.2,100.5,100.5,100.0,99.3,100.3
201105,100.1,99.6,100.4,100.5,100.6,99.8,99.8,100.3,100.1,99.5,100.2,100.1,102.0,100.4,100.0,101.0,100.5
201104,100.2,99.5,100.4,100.6,100.5,99.8,99.8,100.4,100.0,99.6,100.3,100.2,102.0,100.3,100.0,103.2,100.6
201103,0.0,0.0,0.0,0.0,0.0,0.0,0.0,0.0,0.0,0.0,0.0,0.0,0.0,0.0,0.0,0.0,0.0
201102,0.0,0.0,0.0,0.0,0.0,0.0,0.0,0.0,0.0,0.0,0.0,0.0,0.0,0.0,0.0,0.0,0.0
201101,0.0,0.0,0.0,0.0,0.0,0.0,0.0,0.0,0.0,0.0,0.0,0.0,0.0,0.0,0.0,0.0,0.0
201012,0.0,0.0,0.0,0.0,0.0,0.0,0.0,0.0,0.0,0.0,0.0,0.0,0.0,0.0,0.0,0.0,0.0
201011,0.0,0.0,0.0,0.0,0.0,0.0,0.0,0.0,0.0,0.0,0.0,0.0,0.0,0.0,0.0,0.0,0.0
201010,0.0,0.0,0.0,0.0,0.0,0.0,0.0,0.0,0.0,0.0,0.0,0.0,0.0,0.0,0.0,0.0,0.0
201009,0.0,0.0,0.0,0.0,0.0,0.0,0.0,0.0,0.0,0.0,0.0,0.0,0.0,0.0,0.0,0.0,0.0
201008,0.0,0.0,0.0,0.0,0.0,0.0,0.0,0.0,0.0,0.0,0.0,0.0,0.0,0.0,0.0,0.0,0.0
201007,0.0,0.0,0.0,0.0,0.0,0.0,0.0,0.0,0.0,0.0,0.0,0.0,0.0,0.0,0.0,0.0,0.0
201006,0.0,0.0,0.0,0.0,0.0,0.0,0.0,0.0,0.0,0.0,0.0,0.0,0.0,0.0,0.0,0.0,0.0
201005,0.0,0.0,0.0,0.0,0.0,0.0,0.0,0.0,0.0,0.0,0.0,0.0,0.0,0.0,0.0,0.0,0.0
201004,0.0,0.0,0.0,0.0,0.0,0.0,0.0,0.0,0.0,0.0,0.0,0.0,0.0,0.0,0.0,0.0,0.0
201003,0.0,0.0,0.0,0.0,0.0,0.0,0.0,0.0,0.0,0.0,0.0,0.0,0.0,0.0,0.0,0.0,0.0
201002,0.0,0.0,0.0,0.0,0.0,0.0,0.0,0.0,0.0,0.0,0.0,0.0,0.0,0.0,0.0,0.0,0.0
201001,0.0,0.0,0.0,0.0,0.0,0.0,0.0,0.0,0.0,0.0,0.0,0.0,0.0,0.0,0.0,0.0,0.0
200912,0.0,0.0,0.0,0.0,0.0,0.0,0.0,0.0,0.0,0.0,0.0,0.0,0.0,0.0,0.0,0.0,0.0
200911,0.0,0.0,0.0,0.0,0.0,0.0,0.0,0.0,0.0,0.0,0.0,0.0,0.0,0.0,0.0,0.0,0.0
200910,0.0,0.0,0.0,0.0,0.0,0.0,0.0,0.0,0.0,0.0,0.0,0.0,0.0,0.0,0.0,0.0,0.0
200909,0.0,0.0,0.0,0.0,0.0,0.0,0.0,0.0,0.0,0.0,0.0,0.0,0.0,0.0,0.0,0.0,0.0
200908,0.0,0.0,0.0,0.0,0.0,0.0,0.0,0.0,0.0,0.0,0.0,0.0,0.0,0.0,0.0,0.0,0.0
200907,0.0,0.0,0.0,0.0,0.0,0.0,0.0,0.0,0.0,0.0,0.0,0.0,0.0,0.0,0.0,0.0,0.0
200906,0.0,0.0,0.0,0.0,0.0,0.0,0.0,0.0,0.0,0.0,0.0,0.0,0.0,0.0,0.0,0.0,0.0
200905,0.0,0.0,0.0,0.0,0.0,0.0,0.0,0.0,0.0,0.0,0.0,0.0,0.0,0.0,0.0,0.0,0.0
200904,0.0,0.0,0.0,0.0,0.0,0.0,0.0,0.0,0.0,0.0,0.0,0.0,0.0,0.0,0.0,0.0,0.0
200903,0.0,0.0,0.0,0.0,0.0,0.0,0.0,0.0,0.0,0.0,0.0,0.0,0.0,0.0,0.0,0.0,0.0
200902,0.0,0.0,0.0,0.0,0.0,0.0,0.0,0.0,0.0,0.0,0.0,0.0,0.0,0.0,0.0,0.0,0.0
200901,0.0,0.0,0.0,0.0,0.0,0.0,0.0,0.0,0.0,0.0,0.0,0.0,0.0,0.0,0.0,0.0,0.0
200812,0.0,0.0,0.0,0.0,0.0,0.0,0.0,0.0,0.0,0.0,0.0,0.0,0.0,0.0,0.0,0.0,0.0
200811,0.0,0.0,0.0,0.0,0.0,0.0,0.0,0.0,0.0,0.0,0.0,0.0,0.0,0.0,0.0,0.0,0.0
200810,0.0,0.0,0.0,0.0,0.0,0.0,0.0,0.0,0.0,0.0,0.0,0.0,0.0,0.0,0.0,0.0,0.0
200809,0.0,0.0,0.0,0.0,0.0,0.0,0.0,0.0,0.0,0.0,0.0,0.0,0.0,0.0,0.0,0.0,0.0
200808,0.0,0.0,0.0,0.0,0.0,0.0,0.0,0.0,0.0,0.0,0.0,0.0,0.0,0.0,0.0,0.0,0.0
200807,0.0,0.0,0.0,0.0,0.0,0.0,0.0,0.0,0.0,0.0,0.0,0.0,0.0,0.0,0.0,0.0,0.0
200806,0.0,0.0,0.0,0.0,0.0,0.0,0.0,0.0,0.0,0.0,0.0,0.0,0.0,0.0,0.0,0.0,0.0
200805,0.0,0.0,0.0,0.0,0.0,0.0,0.0,0.0,0.0,0.0,0.0,0.0,0.0,0.0,0.0,0.0,0.0
200804,0.0,0.0,0.0,0.0,0.0,0.0,0.0,0.0,0.0,0.0,0.0,0.0,0.0,0.0,0.0,0.0,0.0
200803,0.0,0.0,0.0,0.0,0.0,0.0,0.0,0.0,0.0,0.0,0.0,0.0,0.0,0.0,0.0,0.0,0.0
200802,0.0,0.0,0.0,0.0,0.0,0.0,0.0,0.0,0.0,0.0,0.0,0.0,0.0,0.0,0.0,0.0,0.0
200801,0.0,0.0,0.0,0.0,0.0,0.0,0.0,0.0,0.0,0.0,0.0,0.0,0.0,0.0,0.0,0.0,0.0
200712,0.0,0.0,0.0,0.0,0.0,0.0,0.0,0.0,0.0,0.0,0.0,0.0,0.0,0.0,0.0,0.0,0.0
200711,0.0,0.0,0.0,0.0,0.0,0.0,0.0,0.0,0.0,0.0,0.0,0.0,0.0,0.0,0.0,0.0,0.0
200710,0.0,0.0,0.0,0.0,0.0,0.0,0.0,0.0,0.0,0.0,0.0,0.0,0.0,0.0,0.0,0.0,0.0
200709,0.0,0.0,0.0,0.0,0.0,0.0,0.0,0.0,0.0,0.0,0.0,0.0,0.0,0.0,0.0,0.0,0.0
200708,0.0,0.0,0.0,0.0,0.0,0.0,0.0,0.0,0.0,0.0,0.0,0.0,0.0,0.0,0.0,0.0,0.0
200707,0.0,0.0,0.0,0.0,0.0,0.0,0.0,0.0,0.0,0.0,0.0,0.0,0.0,0.0,0.0,0.0,0.0
200706,0.0,0.0,0.0,0.0,0.0,0.0,0.0,0.0,0.0,0.0,0.0,0.0,0.0,0.0,0.0,0.0,0.0
200705,0.0,0.0,0.0,0.0,0.0,0.0,0.0,0.0,0.0,0.0,0.0,0.0,0.0,0.0,0.0,0.0,0.0
200704,0.0,0.0,0.0,0.0,0.0,0.0,0.0,0.0,0.0,0.0,0.0,0.0,0.0,0.0,0.0,0.0,0.0
200703,0.0,0.0,0.0,0.0,0.0,0.0,0.0,0.0,0.0,0.0,0.0,0.0,0.0,0.0,0.0,0.0,0.0
200702,0.0,0.0,0.0,0.0,0.0,0.0,0.0,0.0,0.0,0.0,0.0,0.0,0.0,0.0,0.0,0.0,0.0
200701,0.0,0.0,0.0,0.0,0.0,0.0,0.0,0.0,0.0,0.0,0.0,0.0,0.0,0.0,0.0,0.0,0.0
200612,0.0,0.0,0.0,0.0,0.0,0.0,0.0,0.0,0.0,0.0,0.0,0.0,0.0,0.0,0.0,0.0,0.0
200611,0.0,0.0,0.0,0.0,0.0,0.0,0.0,0.0,0.0,0.0,0.0,0.0,0.0,0.0,0.0,0.0,0.0
200610,0.0,0.0,0.0,0.0,0.0,0.0,0.0,0.0,0.0,0.0,0.0,0.0,0.0,0.0,0.0,0.0,0.0
200609,0.0,0.0,0.0,0.0,0.0,0.0,0.0,0.0,0.0,0.0,0.0,0.0,0.0,0.0,0.0,0.0,0.0
200608,0.0,0.0,0.0,0.0,0.0,0.0,0.0,0.0,0.0,0.0,0.0,0.0,0.0,0.0,0.0,0.0,0.0
200607,0.0,0.0,0.0,0.0,0.0,0.0,0.0,0.0,0.0,0.0,0.0,0.0,0.0,0.0,0.0,0.0,0.0
200606,0.0,0.0,0.0,0.0,0.0,0.0,0.0,0.0,0.0,0.0,0.0,0.0,0.0,0.0,0.0,0.0,0.0
200605,0.0,0.0,0.0,0.0,0.0,0.0,0.0,0.0,0.0,0.0,0.0,0.0,0.0,0.0,0.0,0.0,0.0
200604,0.0,0.0,0.0,0.0,0.0,0.0,0.0,0.0,0.0,0.0,0.0,0.0,0.0,0.0,0.0,0.0,0.0
200603,0.0,0.0,0.0,0.0,0.0,0.0,0.0,0.0,0.0,0.0,0.0,0.0,0.0,0.0,0.0,0.0,0.0
200602,0.0,0.0,0.0,0.0,0.0,0.0,0.0,0.0,0.0,0.0,0.0,0.0,0.0,0.0,0.0,0.0,0.0
200601,0.0,0.0,0.0,0.0,0.0,0.0,0.0,0.0,0.0,0.0,0.0,0.0,0.0,0.0,0.0,0.0,0.0
200512,0.0,0.0,0.0,0.0,0.0,0.0,0.0,0.0,0.0,0.0,0.0,0.0,0.0,0.0,0.0,0.0,0.0
200511,0.0,0.0,0.0,0.0,0.0,0.0,0.0,0.0,0.0,0.0,0.0,0.0,0.0,0.0,0.0,0.0,0.0
200510,0.0,0.0,0.0,0.0,0.0,0.0,0.0,0.0,0.0,0.0,0.0,0.0,0.0,0.0,0.0,0.0,0.0
200509,0.0,0.0,0.0,0.0,0.0,0.0,0.0,0.0,0.0,0.0,0.0,0.0,0.0,0.0,0.0,0.0,0.0
200508,0.0,0.0,0.0,0.0,0.0,0.0,0.0,0.0,0.0,0.0,0.0,0.0,0.0,0.0,0.0,0.0,0.0
200507,0.0,0.0,0.0,0.0,0.0,0.0,0.0,0.0,0.0,0.0,0.0,0.0,0.0,0.0,0.0,0.0,0.0
200506,0.0,0.0,0.0,0.0,0.0,0.0,0.0,0.0,0.0,0.0,0.0,0.0,0.0,0.0,0.0,0.0,0.0
200505,0.0,0.0,0.0,0.0,0.0,0.0,0.0,0.0,0.0,0.0,0.0,0.0,0.0,0.0,0.0,0.0,0.0
200504,0.0,0.0,0.0,0.0,0.0,0.0,0.0,0.0,0.0,0.0,0.0,0.0,0.0,0.0,0.0,0.0,0.0
200503,0.0,0.0,0.0,0.0,0.0,0.0,0.0,0.0,0.0,0.0,0.0,0.0,0.0,0.0,0.0,0.0,0.0
200502,0.0,0.0,0.0,0.0,0.0,0.0,0.0,0.0,0.0,0.0,0.0,0.0,0.0,0.0,0.0,0.0,0.0
200501,0.0,0.0,0.0,0.0,0.0,0.0,0.0,0.0,0.0,0.0,0.0,0.0,0.0,0.0,0.0,0.0,0.0
200412,0.0,0.0,0.0,0.0,0.0,0.0,0.0,0.0,0.0,0.0,0.0,0.0,0.0,0.0,0.0,0.0,0.0
200411,0.0,0.0,0.0,0.0,0.0,0.0,0.0,0.0,0.0,0.0,0.0,0.0,0.0,0.0,0.0,0.0,0.0
200410,0.0,0.0,0.0,0.0,0.0,0.0,0.0,0.0,0.0,0.0,0.0,0.0,0.0,0.0,0.0,0.0,0.0
200409,0.0,0.0,0.0,0.0,0.0,0.0,0.0,0.0,0.0,0.0,0.0,0.0,0.0,0.0,0.0,0.0,0.0
200408,0.0,0.0,0.0,0.0,0.0,0.0,0.0,0.0,0.0,0.0,0.0,0.0,0.0,0.0,0.0,0.0,0.0
200407,0.0,0.0,0.0,0.0,0.0,0.0,0.0,0.0,0.0,0.0,0.0,0.0,0.0,0.0,0.0,0.0,0.0
200406,0.0,0.0,0.0,0.0,0.0,0.0,0.0,0.0,0.0,0.0,0.0,0.0,0.0,0.0,0.0,0.0,0.0
200405,0.0,0.0,0.0,0.0,0.0,0.0,0.0,0.0,0.0,0.0,0.0,0.0,0.0,0.0,0.0,0.0,0.0
200404,0.0,0.0,0.0,0.0,0.0,0.0,0.0,0.0,0.0,0.0,0.0,0.0,0.0,0.0,0.0,0.0,0.0
200403,0.0,0.0,0.0,0.0,0.0,0.0,0.0,0.0,0.0,0.0,0.0,0.0,0.0,0.0,0.0,0.0,0.0
200402,0.0,0.0,0.0,0.0,0.0,0.0,0.0,0.0,0.0,0.0,0.0,0.0,0.0,0.0,0.0,0.0,0.0
200401,0.0,0.0,0.0,0.0,0.0,0.0,0.0,0.0,0.0,0.0,0.0,0.0,0.0,0.0,0.0,0.0,0.0
200312,0.0,0.0,0.0,0.0,0.0,0.0,0.0,0.0,0.0,0.0,0.0,0.0,0.0,0.0,0.0,0.0,0.0
200311,0.0,0.0,0.0,0.0,0.0,0.0,0.0,0.0,0.0,0.0,0.0,0.0,0.0,0.0,0.0,0.0,0.0
200310,0.0,0.0,0.0,0.0,0.0,0.0,0.0,0.0,0.0,0.0,0.0,0.0,0.0,0.0,0.0,0.0,0.0
200309,0.0,0.0,0.0,0.0,0.0,0.0,0.0,0.0,0.0,0.0,0.0,0.0,0.0,0.0,0.0,0.0,0.0
200308,0.0,0.0,0.0,0.0,0.0,0.0,0.0,0.0,0.0,0.0,0.0,0.0,0.0,0.0,0.0,0.0,0.0
200307,0.0,0.0,0.0,0.0,0.0,0.0,0.0,0.0,0.0,0.0,0.0,0.0,0.0,0.0,0.0,0.0,0.0
200306,0.0,0.0,0.0,0.0,0.0,0.0,0.0,0.0,0.0,0.0,0.0,0.0,0.0,0.0,0.0,0.0,0.0
200305,0.0,0.0,0.0,0.0,0.0,0.0,0.0,0.0,0.0,0.0,0.0,0.0,0.0,0.0,0.0,0.0,0.0
200304,0.0,0.0,0.0,0.0,0.0,0.0,0.0,0.0,0.0,0.0,0.0,0.0,0.0,0.0,0.0,0.0,0.0
200303,0.0,0.0,0.0,0.0,0.0,0.0,0.0,0.0,0.0,0.0,0.0,0.0,0.0,0.0,0.0,0.0,0.0
200302,0.0,0.0,0.0,0.0,0.0,0.0,0.0,0.0,0.0,0.0,0.0,0.0,0.0,0.0,0.0,0.0,0.0
200301,0.0,0.0,0.0,0.0,0.0,0.0,0.0,0.0,0.0,0.0,0.0,0.0,0.0,0.0,0.0,0.0,0.0
200212,0.0,0.0,0.0,0.0,0.0,0.0,0.0,0.0,0.0,0.0,0.0,0.0,0.0,0.0,0.0,0.0,0.0
200211,0.0,0.0,0.0,0.0,0.0,0.0,0.0,0.0,0.0,0.0,0.0,0.0,0.0,0.0,0.0,0.0,0.0
200210,0.0,0.0,0.0,0.0,0.0,0.0,0.0,0.0,0.0,0.0,0.0,0.0,0.0,0.0,0.0,0.0,0.0
200209,0.0,0.0,0.0,0.0,0.0,0.0,0.0,0.0,0.0,0.0,0.0,0.0,0.0,0.0,0.0,0.0,0.0
200208,0.0,0.0,0.0,0.0,0.0,0.0,0.0,0.0,0.0,0.0,0.0,0.0,0.0,0.0,0.0,0.0,0.0
200207,0.0,0.0,0.0,0.0,0.0,0.0,0.0,0.0,0.0,0.0,0.0,0.0,0.0,0.0,0.0,0.0,0.0
200206,0.0,0.0,0.0,0.0,0.0,0.0,0.0,0.0,0.0,0.0,0.0,0.0,0.0,0.0,0.0,0.0,0.0
200205,0.0,0.0,0.0,0.0,0.0,0.0,0.0,0.0,0.0,0.0,0.0,0.0,0.0,0.0,0.0,0.0,0.0
200204,0.0,0.0,0.0,0.0,0.0,0.0,0.0,0.0,0.0,0.0,0.0,0.0,0.0,0.0,0.0,0.0,0.0
200203,0.0,0.0,0.0,0.0,0.0,0.0,0.0,0.0,0.0,0.0,0.0,0.0,0.0,0.0,0.0,0.0,0.0
200202,0.0,0.0,0.0,0.0,0.0,0.0,0.0,0.0,0.0,0.0,0.0,0.0,0.0,0.0,0.0,0.0,0.0
200201,0.0,0.0,0.0,0.0,0.0,0.0,0.0,0.0,0.0,0.0,0.0,0.0,0.0,0.0,0.0,0.0,0.0
200112,0.0,0.0,0.0,0.0,0.0,0.0,0.0,0.0,0.0,0.0,0.0,0.0,0.0,0.0,0.0,0.0,0.0
200111,0.0,0.0,0.0,0.0,0.0,0.0,0.0,0.0,0.0,0.0,0.0,0.0,0.0,0.0,0.0,0.0,0.0
200110,0.0,0.0,0.0,0.0,0.0,0.0,0.0,0.0,0.0,0.0,0.0,0.0,0.0,0.0,0.0,0.0,0.0
200109,0.0,0.0,0.0,0.0,0.0,0.0,0.0,0.0,0.0,0.0,0.0,0.0,0.0,0.0,0.0,0.0,0.0
200108,0.0,0.0,0.0,0.0,0.0,0.0,0.0,0.0,0.0,0.0,0.0,0.0,0.0,0.0,0.0,0.0,0.0
200107,0.0,0.0,0.0,0.0,0.0,0.0,0.0,0.0,0.0,0.0,0.0,0.0,0.0,0.0,0.0,0.0,0.0
200106,0.0,0.0,0.0,0.0,0.0,0.0,0.0,0.0,0.0,0.0,0.0,0.0,0.0,0.0,0.0,0.0,0.0
200105,0.0,0.0,0.0,0.0,0.0,0.0,0.0,0.0,0.0,0.0,0.0,0.0,0.0,0.0,0.0,0.0,0.0
200104,0.0,0.0,0.0,0.0,0.0,0.0,0.0,0.0,0.0,0.0,0.0,0.0,0.0,0.0,0.0,0.0,0.0
200103,0.0,0.0,0.0,0.0,0.0,0.0,0.0,0.0,0.0,0.0,0.0,0.0,0.0,0.0,0.0,0.0,0.0
200102,0.0,0.0,0.0,0.0,0.0,0.0,0.0,0.0,0.0,0.0,0.0,0.0,0.0,0.0,0.0,0.0,0.0
200101,0.0,0.0,0.0,0.0,0.0,0.0,0.0,0.0,0.0,0.0,0.0,0.0,0.0,0.0,0.0,0.0,0.0
200012,0.0,0.0,0.0,0.0,0.0,0.0,0.0,0.0,0.0,0.0,0.0,0.0,0.0,0.0,0.0,0.0,0.0
200011,0.0,0.0,0.0,0.0,0.0,0.0,0.0,0.0,0.0,0.0,0.0,0.0,0.0,0.0,0.0,0.0,0.0
200010,0.0,0.0,0.0,0.0,0.0,0.0,0.0,0.0,0.0,0.0,0.0,0.0,0.0,0.0,0.0,0.0,0.0
200009,0.0,0.0,0.0,0.0,0.0,0.0,0.0,0.0,0.0,0.0,0.0,0.0,0.0,0.0,0.0,0.0,0.0
200008,0.0,0.0,0.0,0.0,0.0,0.0,0.0,0.0,0.0,0.0,0.0,0.0,0.0,0.0,0.0,0.0,0.0
200007,0.0,0.0,0.0,0.0,0.0,0.0,0.0,0.0,0.0,0.0,0.0,0.0,0.0,0.0,0.0,0.0,0.0
200006,0.0,0.0,0.0,0.0,0.0,0.0,0.0,0.0,0.0,0.0,0.0,0.0,0.0,0.0,0.0,0.0,0.0
200005,0.0,0.0,0.0,0.0,0.0,0.0,0.0,0.0,0.0,0.0,0.0,0.0,0.0,0.0,0.0,0.0,0.0
200004,0.0,0.0,0.0,0.0,0.0,0.0,0.0,0.0,0.0,0.0,0.0,0.0,0.0,0.0,0.0,0.0,0.0
200003,0.0,0.0,0.0,0.0,0.0,0.0,0.0,0.0,0.0,0.0,0.0,0.0,0.0,0.0,0.0,0.0,0.0
200002,0.0,0.0,0.0,0.0,0.0,0.0,0.0,0.0,0.0,0.0,0.0,0.0,0.0,0.0,0.0,0.0,0.0
200001,0.0,0.0,0.0,0.0,0.0,0.0,0.0,0.0,0.0,0.0,0.0,0.0,0.0,0.0,0.0,0.0,0.0
199912,0.0,0.0,0.0,0.0,0.0,0.0,0.0,0.0,0.0,0.0,0.0,0.0,0.0,0.0,0.0,0.0,0.0
199911,0.0,0.0,0.0,0.0,0.0,0.0,0.0,0.0,0.0,0.0,0.0,0.0,0.0,0.0,0.0,0.0,0.0
199910,0.0,0.0,0.0,0.0,0.0,0.0,0.0,0.0,0.0,0.0,0.0,0.0,0.0,0.0,0.0,0.0,0.0
199909,0.0,0.0,0.0,0.0,0.0,0.0,0.0,0.0,0.0,0.0,0.0,0.0,0.0,0.0,0.0,0.0,0.0
199908,0.0,0.0,0.0,0.0,0.0,0.0,0.0,0.0,0.0,0.0,0.0,0.0,0.0,0.0,0.0,0.0,0.0
199907,0.0,0.0,0.0,0.0,0.0,0.0,0.0,0.0,0.0,0.0,0.0,0.0,0.0,0.0,0.0,0.0,0.0
199906,0.0,0.0,0.0,0.0,0.0,0.0,0.0,0.0,0.0,0.0,0.0,0.0,0.0,0.0,0.0,0.0,0.0
199905,0.0,0.0,0.0,0.0,0.0,0.0,0.0,0.0,0.0,0.0,0.0,0.0,0.0,0.0,0.0,0.0,0.0
199904,0.0,0.0,0.0,0.0,0.0,0.0,0.0,0.0,0.0,0.0,0.0,0.0,0.0,0.0,0.0,0.0,0.0
199903,0.0,0.0,0.0,0.0,0.0,0.0,0.0,0.0,0.0,0.0,0.0,0.0,0.0,0.0,0.0,0.0,0.0
199902,0.0,0.0,0.0,0.0,0.0,0.0,0.0,0.0,0.0,0.0,0.0,0.0,0.0,0.0,0.0,0.0,0.0
199901,0.0,0.0,0.0,0.0,0.0,0.0,0.0,0.0,0.0,0.0,0.0,0.0,0.0,0.0,0.0,0.0,0.0
199812,0.0,0.0,0.0,0.0,0.0,0.0,0.0,0.0,0.0,0.0,0.0,0.0,0.0,0.0,0.0,0.0,0.0
199811,0.0,0.0,0.0,0.0,0.0,0.0,0.0,0.0,0.0,0.0,0.0,0.0,0.0,0.0,0.0,0.0,0.0
199810,0.0,0.0,0.0,0.0,0.0,0.0,0.0,0.0,0.0,0.0,0.0,0.0,0.0,0.0,0.0,0.0,0.0
199809,0.0,0.0,0.0,0.0,0.0,0.0,0.0,0.0,0.0,0.0,0.0,0.0,0.0,0.0,0.0,0.0,0.0
199808,0.0,0.0,0.0,0.0,0.0,0.0,0.0,0.0,0.0,0.0,0.0,0.0,0.0,0.0,0.0,0.0,0.0
199807,0.0,0.0,0.0,0.0,0.0,0.0,0.0,0.0,0.0,0.0,0.0,0.0,0.0,0.0,0.0,0.0,0.0
199806,0.0,0.0,0.0,0.0,0.0,0.0,0.0,0.0,0.0,0.0,0.0,0.0,0.0,0.0,0.0,0.0,0.0
199805,0.0,0.0,0.0,0.0,0.0,0.0,0.0,0.0,0.0,0.0,0.0,0.0,0.0,0.0,0.0,0.0,0.0
199804,0.0,0.0,0.0,0.0,0.0,0.0,0.0,0.0,0.0,0.0,0.0,0.0,0.0,0.0,0.0,0.0,0.0
199803,0.0,0.0,0.0,0.0,0.0,0.0,0.0,0.0,0.0,0.0,0.0,0.0,0.0,0.0,0.0,0.0,0.0
199802,0.0,0.0,0.0,0.0,0.0,0.0,0.0,0.0,0.0,0.0,0.0,0.0,0.0,0.0,0.0,0.0,0.0
199801,0.0,0.0,0.0,0.0,0.0,0.0,0.0,0.0,0.0,0.0,0.0,0.0,0.0,0.0,0.0,0.0,0.0
199712,0.0,0.0,0.0,0.0,0.0,0.0,0.0,0.0,0.0,0.0,0.0,0.0,0.0,0.0,0.0,0.0,0.0
199711,0.0,0.0,0.0,0.0,0.0,0.0,0.0,0.0,0.0,0.0,0.0,0.0,0.0,0.0,0.0,0.0,0.0
199710,0.0,0.0,0.0,0.0,0.0,0.0,0.0,0.0,0.0,0.0,0.0,0.0,0.0,0.0,0.0,0.0,0.0
199709,0.0,0.0,0.0,0.0,0.0,0.0,0.0,0.0,0.0,0.0,0.0,0.0,0.0,0.0,0.0,0.0,0.0
199708,0.0,0.0,0.0,0.0,0.0,0.0,0.0,0.0,0.0,0.0,0.0,0.0,0.0,0.0,0.0,0.0,0.0
199707,0.0,0.0,0.0,0.0,0.0,0.0,0.0,0.0,0.0,0.0,0.0,0.0,0.0,0.0,0.0,0.0,0.0
199706,0.0,0.0,0.0,0.0,0.0,0.0,0.0,0.0,0.0,0.0,0.0,0.0,0.0,0.0,0.0,0.0,0.0
199705,0.0,0.0,0.0,0.0,0.0,0.0,0.0,0.0,0.0,0.0,0.0,0.0,0.0,0.0,0.0,0.0,0.0
199704,0.0,0.0,0.0,0.0,0.0,0.0,0.0,0.0,0.0,0.0,0.0,0.0,0.0,0.0,0.0,0.0,0.0
199703,0.0,0.0,0.0,0.0,0.0,0.0,0.0,0.0,0.0,0.0,0.0,0.0,0.0,0.0,0.0,0.0,0.0
199702,0.0,0.0,0.0,0.0,0.0,0.0,0.0,0.0,0.0,0.0,0.0,0.0,0.0,0.0,0.0,0.0,0.0
199701,0.0,0.0,0.0,0.0,0.0,0.0,0.0,0.0,0.0,0.0,0.0,0.0,0.0,0.0,0.0,0.0,0.0
199612,0.0,0.0,0.0,0.0,0.0,0.0,0.0,0.0,0.0,0.0,0.0,0.0,0.0,0.0,0.0,0.0,0.0
199611,0.0,0.0,0.0,0.0,0.0,0.0,0.0,0.0,0.0,0.0,0.0,0.0,0.0,0.0,0.0,0.0,0.0
199610,0.0,0.0,0.0,0.0,0.0,0.0,0.0,0.0,0.0,0.0,0.0,0.0,0.0,0.0,0.0,0.0,0.0
199609,0.0,0.0,0.0,0.0,0.0,0.0,0.0,0.0,0.0,0.0,0.0,0.0,0.0,0.0,0.0,0.0,0.0
199608,0.0,0.0,0.0,0.0,0.0,0.0,0.0,0.0,0.0,0.0,0.0,0.0,0.0,0.0,0.0,0.0,0.0
199607,0.0,0.0,0.0,0.0,0.0,0.0,0.0,0.0,0.0,0.0,0.0,0.0,0.0,0.0,0.0,0.0,0.0
199606,0.0,0.0,0.0,0.0,0.0,0.0,0.0,0.0,0.0,0.0,0.0,0.0,0.0,0.0,0.0,0.0,0.0
199605,0.0,0.0,0.0,0.0,0.0,0.0,0.0,0.0,0.0,0.0,0.0,0.0,0.0,0.0,0.0,0.0,0.0
199604,0.0,0.0,0.0,0.0,0.0,0.0,0.0,0.0,0.0,0.0,0.0,0.0,0.0,0.0,0.0,0.0,0.0
199603,0.0,0.0,0.0,0.0,0.0,0.0,0.0,0.0,0.0,0.0,0.0,0.0,0.0,0.0,0.0,0.0,0.0
199602,0.0,0.0,0.0,0.0,0.0,0.0,0.0,0.0,0.0,0.0,0.0,0.0,0.0,0.0,0.0,0.0,0.0
199601,0.0,0.0,0.0,0.0,0.0,0.0,0.0,0.0,0.0,0.0,0.0,0.0,0.0,0.0,0.0,0.0,0.0
199512,0.0,0.0,0.0,0.0,0.0,0.0,0.0,0.0,0.0,0.0,0.0,0.0,0.0,0.0,0.0,0.0,0.0
199511,0.0,0.0,0.0,0.0,0.0,0.0,0.0,0.0,0.0,0.0,0.0,0.0,0.0,0.0,0.0,0.0,0.0
199510,0.0,0.0,0.0,0.0,0.0,0.0,0.0,0.0,0.0,0.0,0.0,0.0,0.0,0.0,0.0,0.0,0.0
199509,0.0,0.0,0.0,0.0,0.0,0.0,0.0,0.0,0.0,0.0,0.0,0.0,0.0,0.0,0.0,0.0,0.0
199508,0.0,0.0,0.0,0.0,0.0,0.0,0.0,0.0,0.0,0.0,0.0,0.0,0.0,0.0,0.0,0.0,0.0
199507,0.0,0.0,0.0,0.0,0.0,0.0,0.0,0.0,0.0,0.0,0.0,0.0,0.0,0.0,0.0,0.0,0.0
199506,0.0,0.0,0.0,0.0,0.0,0.0,0.0,0.0,0.0,0.0,0.0,0.0,0.0,0.0,0.0,0.0,0.0
199505,0.0,0.0,0.0,0.0,0.0,0.0,0.0,0.0,0.0,0.0,0.0,0.0,0.0,0.0,0.0,0.0,0.0
199504,0.0,0.0,0.0,0.0,0.0,0.0,0.0,0.0,0.0,0.0,0.0,0.0,0.0,0.0,0.0,0.0,0.0
199503,0.0,0.0,0.0,0.0,0.0,0.0,0.0,0.0,0.0,0.0,0.0,0.0,0.0,0.0,0.0,0.0,0.0
199502,0.0,0.0,0.0,0.0,0.0,0.0,0.0,0.0,0.0,0.0,0.0,0.0,0.0,0.0,0.0,0.0,0.0
199501,0.0,0.0,0.0,0.0,0.0,0.0,0.0,0.0,0.0,0.0,0.0,0.0,0.0,0.0,0.0,0.0,0.0
199412,0.0,0.0,0.0,0.0,0.0,0.0,0.0,0.0,0.0,0.0,0.0,0.0,0.0,0.0,0.0,0.0,0.0
199411,0.0,0.0,0.0,0.0,0.0,0.0,0.0,0.0,0.0,0.0,0.0,0.0,0.0,0.0,0.0,0.0,0.0
199410,0.0,0.0,0.0,0.0,0.0,0.0,0.0,0.0,0.0,0.0,0.0,0.0,0.0,0.0,0.0,0.0,0.0
199409,0.0,0.0,0.0,0.0,0.0,0.0,0.0,0.0,0.0,0.0,0.0,0.0,0.0,0.0,0.0,0.0,0.0
199408,0.0,0.0,0.0,0.0,0.0,0.0,0.0,0.0,0.0,0.0,0.0,0.0,0.0,0.0,0.0,0.0,0.0
199407,0.0,0.0,0.0,0.0,0.0,0.0,0.0,0.0,0.0,0.0,0.0,0.0,0.0,0.0,0.0,0.0,0.0
199406,0.0,0.0,0.0,0.0,0.0,0.0,0.0,0.0,0.0,0.0,0.0,0.0,0.0,0.0,0.0,0.0,0.0
199405,0.0,0.0,0.0,0.0,0.0,0.0,0.0,0.0,0.0,0.0,0.0,0.0,0.0,0.0,0.0,0.0,0.0
199404,0.0,0.0,0.0,0.0,0.0,0.0,0.0,0.0,0.0,0.0,0.0,0.0,0.0,0.0,0.0,0.0,0.0
199403,0.0,0.0,0.0,0.0,0.0,0.0,0.0,0.0,0.0,0.0,0.0,0.0,0.0,0.0,0.0,0.0,0.0
199402,0.0,0.0,0.0,0.0,0.0,0.0,0.0,0.0,0.0,0.0,0.0,0.0,0.0,0.0,0.0,0.0,0.0
199401,0.0,0.0,0.0,0.0,0.0,0.0,0.0,0.0,0.0,0.0,0.0,0.0,0.0,0.0,0.0,0.0,0.0
199312,0.0,0.0,0.0,0.0,0.0,0.0,0.0,0.0,0.0,0.0,0.0,0.0,0.0,0.0,0.0,0.0,0.0
199311,0.0,0.0,0.0,0.0,0.0,0.0,0.0,0.0,0.0,0.0,0.0,0.0,0.0,0.0,0.0,0.0,0.0
199310,0.0,0.0,0.0,0.0,0.0,0.0,0.0,0.0,0.0,0.0,0.0,0.0,0.0,0.0,0.0,0.0,0.0
199309,0.0,0.0,0.0,0.0,0.0,0.0,0.0,0.0,0.0,0.0,0.0,0.0,0.0,0.0,0.0,0.0,0.0
199308,0.0,0.0,0.0,0.0,0.0,0.0,0.0,0.0,0.0,0.0,0.0,0.0,0.0,0.0,0.0,0.0,0.0
199307,0.0,0.0,0.0,0.0,0.0,0.0,0.0,0.0,0.0,0.0,0.0,0.0,0.0,0.0,0.0,0.0,0.0
199306,0.0,0.0,0.0,0.0,0.0,0.0,0.0,0.0,0.0,0.0,0.0,0.0,0.0,0.0,0.0,0.0,0.0
199305,0.0,0.0,0.0,0.0,0.0,0.0,0.0,0.0,0.0,0.0,0.0,0.0,0.0,0.0,0.0,0.0,0.0
199304,0.0,0.0,0.0,0.0,0.0,0.0,0.0,0.0,0.0,0.0,0.0,0.0,0.0,0.0,0.0,0.0,0.0
199303,0.0,0.0,0.0,0.0,0.0,0.0,0.0,0.0,0.0,0.0,0.0,0.0,0.0,0.0,0.0,0.0,0.0
199302,0.0,0.0,0.0,0.0,0.0,0.0,0.0,0.0,0.0,0.0,0.0,0.0,0.0,0.0,0.0,0.0,0.0
199301,0.0,0.0,0.0,0.0,0.0,0.0,0.0,0.0,0.0,0.0,0.0,0.0,0.0,0.0,0.0,0.0,0.0
199212,0.0,0.0,0.0,0.0,0.0,0.0,0.0,0.0,0.0,0.0,0.0,0.0,0.0,0.0,0.0,0.0,0.0
199211,0.0,0.0,0.0,0.0,0.0,0.0,0.0,0.0,0.0,0.0,0.0,0.0,0.0,0.0,0.0,0.0,0.0
199210,0.0,0.0,0.0,0.0,0.0,0.0,0.0,0.0,0.0,0.0,0.0,0.0,0.0,0.0,0.0,0.0,0.0
199209,0.0,0.0,0.0,0.0,0.0,0.0,0.0,0.0,0.0,0.0,0.0,0.0,0.0,0.0,0.0,0.0,0.0
199208,0.0,0.0,0.0,0.0,0.0,0.0,0.0,0.0,0.0,0.0,0.0,0.0,0.0,0.0,0.0,0.0,0.0
199207,0.0,0.0,0.0,0.0,0.0,0.0,0.0,0.0,0.0,0.0,0.0,0.0,0.0,0.0,0.0,0.0,0.0
199206,0.0,0.0,0.0,0.0,0.0,0.0,0.0,0.0,0.0,0.0,0.0,0.0,0.0,0.0,0.0,0.0,0.0
199205,0.0,0.0,0.0,0.0,0.0,0.0,0.0,0.0,0.0,0.0,0.0,0.0,0.0,0.0,0.0,0.0,0.0
199204,0.0,0.0,0.0,0.0,0.0,0.0,0.0,0.0,0.0,0.0,0.0,0.0,0.0,0.0,0.0,0.0,0.0
199203,0.0,0.0,0.0,0.0,0.0,0.0,0.0,0.0,0.0,0.0,0.0,0.0,0.0,0.0,0.0,0.0,0.0
199202,0.0,0.0,0.0,0.0,0.0,0.0,0.0,0.0,0.0,0.0,0.0,0.0,0.0,0.0,0.0,0.0,0.0
199201,0.0,0.0,0.0,0.0,0.0,0.0,0.0,0.0,0.0,0.0,0.0,0.0,0.0,0.0,0.0,0.0,0.0
199112,0.0,0.0,0.0,0.0,0.0,0.0,0.0,0.0,0.0,0.0,0.0,0.0,0.0,0.0,0.0,0.0,0.0
199111,0.0,0.0,0.0,0.0,0.0,0.0,0.0,0.0,0.0,0.0,0.0,0.0,0.0,0.0,0.0,0.0,0.0
199110,0.0,0.0,0.0,0.0,0.0,0.0,0.0,0.0,0.0,0.0,0.0,0.0,0.0,0.0,0.0,0.0,0.0
199109,0.0,0.0,0.0,0.0,0.0,0.0,0.0,0.0,0.0,0.0,0.0,0.0,0.0,0.0,0.0,0.0,0.0
199108,0.0,0.0,0.0,0.0,0.0,0.0,0.0,0.0,0.0,0.0,0.0,0.0,0.0,0.0,0.0,0.0,0.0
199107,0.0,0.0,0.0,0.0,0.0,0.0,0.0,0.0,0.0,0.0,0.0,0.0,0.0,0.0,0.0,0.0,0.0
199106,0.0,0.0,0.0,0.0,0.0,0.0,0.0,0.0,0.0,0.0,0.0,0.0,0.0,0.0,0.0,0.0,0.0
199105,0.0,0.0,0.0,0.0,0.0,0.0,0.0,0.0,0.0,0.0,0.0,0.0,0.0,0.0,0.0,0.0,0.0
199104,0.0,0.0,0.0,0.0,0.0,0.0,0.0,0.0,0.0,0.0,0.0,0.0,0.0,0.0,0.0,0.0,0.0
199103,0.0,0.0,0.0,0.0,0.0,0.0,0.0,0.0,0.0,0.0,0.0,0.0,0.0,0.0,0.0,0.0,0.0
199102,0.0,0.0,0.0,0.0,0.0,0.0,0.0,0.0,0.0,0.0,0.0,0.0,0.0,0.0,0.0,0.0,0.0
199101,0.0,0.0,0.0,0.0,0.0,0.0,0.0,0.0,0.0,0.0,0.0,0.0,0.0,0.0,0.0,0.0,0.0
199012,0.0,0.0,0.0,0.0,0.0,0.0,0.0,0.0,0.0,0.0,0.0,0.0,0.0,0.0,0.0,0.0,0.0
199011,0.0,0.0,0.0,0.0,0.0,0.0,0.0,0.0,0.0,0.0,0.0,0.0,0.0,0.0,0.0,0.0,0.0
199010,0.0,0.0,0.0,0.0,0.0,0.0,0.0,0.0,0.0,0.0,0.0,0.0,0.0,0.0,0.0,0.0,0.0
199009,0.0,0.0,0.0,0.0,0.0,0.0,0.0,0.0,0.0,0.0,0.0,0.0,0.0,0.0,0.0,0.0,0.0
199008,0.0,0.0,0.0,0.0,0.0,0.0,0.0,0.0,0.0,0.0,0.0,0.0,0.0,0.0,0.0,0.0,0.0
199007,0.0,0.0,0.0,0.0,0.0,0.0,0.0,0.0,0.0,0.0,0.0,0.0,0.0,0.0,0.0,0.0,0.0
199006,0.0,0.0,0.0,0.0,0.0,0.0,0.0,0.0,0.0,0.0,0.0,0.0,0.0,0.0,0.0,0.0,0.0
199005,0.0,0.0,0.0,0.0,0.0,0.0,0.0,0.0,0.0,0.0,0.0,0.0,0.0,0.0,0.0,0.0,0.0
199004,0.0,0.0,0.0,0.0,0.0,0.0,0.0,0.0,0.0,0.0,0.0,0.0,0.0,0.0,0.0,0.0,0.0
199003,0.0,0.0,0.0,0.0,0.0,0.0,0.0,0.0,0.0,0.0,0.0,0.0,0.0,0.0,0.0,0.0,0.0
199002,0.0,0.0,0.0,0.0,0.0,0.0,0.0,0.0,0.0,0.0,0.0,0.0,0.0,0.0,0.0,0.0,0.0
199001,0.0,0.0,0.0,0.0,0.0,0.0,0.0,0.0,0.0,0.0,0.0,0.0,0.0,0.0,0.0,0.0,0.0
198912,0.0,0.0,0.0,0.0,0.0,0.0,0.0,0.0,0.0,0.0,0.0,0.0,0.0,0.0,0.0,0.0,0.0
198911,0.0,0.0,0.0,0.0,0.0,0.0,0.0,0.0,0.0,0.0,0.0,0.0,0.0,0.0,0.0,0.0,0.0
198910,0.0,0.0,0.0,0.0,0.0,0.0,0.0,0.0,0.0,0.0,0.0,0.0,0.0,0.0,0.0,0.0,0.0
198909,0.0,0.0,0.0,0.0,0.0,0.0,0.0,0.0,0.0,0.0,0.0,0.0,0.0,0.0,0.0,0.0,0.0
198908,0.0,0.0,0.0,0.0,0.0,0.0,0.0,0.0,0.0,0.0,0.0,0.0,0.0,0.0,0.0,0.0,0.0
198907,0.0,0.0,0.0,0.0,0.0,0.0,0.0,0.0,0.0,0.0,0.0,0.0,0.0,0.0,0.0,0.0,0.0
198906,0.0,0.0,0.0,0.0,0.0,0.0,0.0,0.0,0.0,0.0,0.0,0.0,0.0,0.0,0.0,0.0,0.0
198905,0.0,0.0,0.0,0.0,0.0,0.0,0.0,0.0,0.0,0.0,0.0,0.0,0.0,0.0,0.0,0.0,0.0
198904,0.0,0.0,0.0,0.0,0.0,0.0,0.0,0.0,0.0,0.0,0.0,0.0,0.0,0.0,0.0,0.0,0.0
198903,0.0,0.0,0.0,0.0,0.0,0.0,0.0,0.0,0.0,0.0,0.0,0.0,0.0,0.0,0.0,0.0,0.0
198902,0.0,0.0,0.0,0.0,0.0,0.0,0.0,0.0,0.0,0.0,0.0,0.0,0.0,0.0,0.0,0.0,0.0
198901,0.0,0.0,0.0,0.0,0.0,0.0,0.0,0.0,0.0,0.0,0.0,0.0,0.0,0.0,0.0,0.0,0.0
198812,0.0,0.0,0.0,0.0,0.0,0.0,0.0,0.0,0.0,0.0,0.0,0.0,0.0,0.0,0.0,0.0,0.0
198811,0.0,0.0,0.0,0.0,0.0,0.0,0.0,0.0,0.0,0.0,0.0,0.0,0.0,0.0,0.0,0.0,0.0
198810,0.0,0.0,0.0,0.0,0.0,0.0,0.0,0.0,0.0,0.0,0.0,0.0,0.0,0.0,0.0,0.0,0.0
198809,0.0,0.0,0.0,0.0,0.0,0.0,0.0,0.0,0.0,0.0,0.0,0.0,0.0,0.0,0.0,0.0,0.0
198808,0.0,0.0,0.0,0.0,0.0,0.0,0.0,0.0,0.0,0.0,0.0,0.0,0.0,0.0,0.0,0.0,0.0
198807,0.0,0.0,0.0,0.0,0.0,0.0,0.0,0.0,0.0,0.0,0.0,0.0,0.0,0.0,0.0,0.0,0.0
198806,0.0,0.0,0.0,0.0,0.0,0.0,0.0,0.0,0.0,0.0,0.0,0.0,0.0,0.0,0.0,0.0,0.0
198805,0.0,0.0,0.0,0.0,0.0,0.0,0.0,0.0,0.0,0.0,0.0,0.0,0.0,0.0,0.0,0.0,0.0
198804,0.0,0.0,0.0,0.0,0.0,0.0,0.0,0.0,0.0,0.0,0.0,0.0,0.0,0.0,0.0,0.0,0.0
198803,0.0,0.0,0.0,0.0,0.0,0.0,0.0,0.0,0.0,0.0,0.0,0.0,0.0,0.0,0.0,0.0,0.0
198802,0.0,0.0,0.0,0.0,0.0,0.0,0.0,0.0,0.0,0.0,0.0,0.0,0.0,0.0,0.0,0.0,0.0
198801,0.0,0.0,0.0,0.0,0.0,0.0,0.0,0.0,0.0,0.0,0.0,0.0,0.0,0.0,0.0,0.0,0.0
198712,0.0,0.0,0.0,0.0,0.0,0.0,0.0,0.0,0.0,0.0,0.0,0.0,0.0,0.0,0.0,0.0,0.0
198711,0.0,0.0,0.0,0.0,0.0,0.0,0.0,0.0,0.0,0.0,0.0,0.0,0.0,0.0,0.0,0.0,0.0
198710,0.0,0.0,0.0,0.0,0.0,0.0,0.0,0.0,0.0,0.0,0.0,0.0,0.0,0.0,0.0,0.0,0.0
198709,0.0,0.0,0.0,0.0,0.0,0.0,0.0,0.0,0.0,0.0,0.0,0.0,0.0,0.0,0.0,0.0,0.0
198708,0.0,0.0,0.0,0.0,0.0,0.0,0.0,0.0,0.0,0.0,0.0,0.0,0.0,0.0,0.0,0.0,0.0
198707,0.0,0.0,0.0,0.0,0.0,0.0,0.0,0.0,0.0,0.0,0.0,0.0,0.0,0.0,0.0,0.0,0.0
198706,0.0,0.0,0.0,0.0,0.0,0.0,0.0,0.0,0.0,0.0,0.0,0.0,0.0,0.0,0.0,0.0,0.0
198705,0.0,0.0,0.0,0.0,0.0,0.0,0.0,0.0,0.0,0.0,0.0,0.0,0.0,0.0,0.0,0.0,0.0
198704,0.0,0.0,0.0,0.0,0.0,0.0,0.0,0.0,0.0,0.0,0.0,0.0,0.0,0.0,0.0,0.0,0.0
198703,0.0,0.0,0.0,0.0,0.0,0.0,0.0,0.0,0.0,0.0,0.0,0.0,0.0,0.0,0.0,0.0,0.0
198702,0.0,0.0,0.0,0.0,0.0,0.0,0.0,0.0,0.0,0.0,0.0,0.0,0.0,0.0,0.0,0.0,0.0
198701,0.0,0.0,0.0,0.0,0.0,0.0,0.0,0.0,0.0,0.0,0.0,0.0,0.0,0.0,0.0,0.0,0.0
198612,0.0,0.0,0.0,0.0,0.0,0.0,0.0,0.0,0.0,0.0,0.0,0.0,0.0,0.0,0.0,0.0,0.0
198611,0.0,0.0,0.0,0.0,0.0,0.0,0.0,0.0,0.0,0.0,0.0,0.0,0.0,0.0,0.0,0.0,0.0
198610,0.0,0.0,0.0,0.0,0.0,0.0,0.0,0.0,0.0,0.0,0.0,0.0,0.0,0.0,0.0,0.0,0.0
198609,0.0,0.0,0.0,0.0,0.0,0.0,0.0,0.0,0.0,0.0,0.0,0.0,0.0,0.0,0.0,0.0,0.0
198608,0.0,0.0,0.0,0.0,0.0,0.0,0.0,0.0,0.0,0.0,0.0,0.0,0.0,0.0,0.0,0.0,0.0
198607,0.0,0.0,0.0,0.0,0.0,0.0,0.0,0.0,0.0,0.0,0.0,0.0,0.0,0.0,0.0,0.0,0.0
198606,0.0,0.0,0.0,0.0,0.0,0.0,0.0,0.0,0.0,0.0,0.0,0.0,0.0,0.0,0.0,0.0,0.0
198605,0.0,0.0,0.0,0.0,0.0,0.0,0.0,0.0,0.0,0.0,0.0,0.0,0.0,0.0,0.0,0.0,0.0
198604,0.0,0.0,0.0,0.0,0.0,0.0,0.0,0.0,0.0,0.0,0.0,0.0,0.0,0.0,0.0,0.0,0.0
198603,0.0,0.0,0.0,0.0,0.0,0.0,0.0,0.0,0.0,0.0,0.0,0.0,0.0,0.0,0.0,0.0,0.0
198602,0.0,0.0,0.0,0.0,0.0,0.0,0.0,0.0,0.0,0.0,0.0,0.0,0.0,0.0,0.0,0.0,0.0
198601,0.0,0.0,0.0,0.0,0.0,0.0,0.0,0.0,0.0,0.0,0.0,0.0,0.0,0.0,0.0,0.0,0.0
198512,0.0,0.0,0.0,0.0,0.0,0.0,0.0,0.0,0.0,0.0,0.0,0.0,0.0,0.0,0.0,0.0,0.0
198511,0.0,0.0,0.0,0.0,0.0,0.0,0.0,0.0,0.0,0.0,0.0,0.0,0.0,0.0,0.0,0.0,0.0
198510,0.0,0.0,0.0,0.0,0.0,0.0,0.0,0.0,0.0,0.0,0.0,0.0,0.0,0.0,0.0,0.0,0.0
198509,0.0,0.0,0.0,0.0,0.0,0.0,0.0,0.0,0.0,0.0,0.0,0.0,0.0,0.0,0.0,0.0,0.0
198508,0.0,0.0,0.0,0.0,0.0,0.0,0.0,0.0,0.0,0.0,0.0,0.0,0.0,0.0,0.0,0.0,0.0
198507,0.0,0.0,0.0,0.0,0.0,0.0,0.0,0.0,0.0,0.0,0.0,0.0,0.0,0.0,0.0,0.0,0.0
198506,0.0,0.0,0.0,0.0,0.0,0.0,0.0,0.0,0.0,0.0,0.0,0.0,0.0,0.0,0.0,0.0,0.0
198505,0.0,0.0,0.0,0.0,0.0,0.0,0.0,0.0,0.0,0.0,0.0,0.0,0.0,0.0,0.0,0.0,0.0
198504,0.0,0.0,0.0,0.0,0.0,0.0,0.0,0.0,0.0,0.0,0.0,0.0,0.0,0.0,0.0,0.0,0.0
198503,0.0,0.0,0.0,0.0,0.0,0.0,0.0,0.0,0.0,0.0,0.0,0.0,0.0,0.0,0.0,0.0,0.0
198502,0.0,0.0,0.0,0.0,0.0,0.0,0.0,0.0,0.0,0.0,0.0,0.0,0.0,0.0,0.0,0.0,0.0
198501,0.0,0.0,0.0,0.0,0.0,0.0,0.0,0.0,0.0,0.0,0.0,0.0,0.0,0.0,0.0,0.0,0.0
198412,0.0,0.0,0.0,0.0,0.0,0.0,0.0,0.0,0.0,0.0,0.0,0.0,0.0,0.0,0.0,0.0,0.0
198411,0.0,0.0,0.0,0.0,0.0,0.0,0.0,0.0,0.0,0.0,0.0,0.0,0.0,0.0,0.0,0.0,0.0
198410,0.0,0.0,0.0,0.0,0.0,0.0,0.0,0.0,0.0,0.0,0.0,0.0,0.0,0.0,0.0,0.0,0.0
198409,0.0,0.0,0.0,0.0,0.0,0.0,0.0,0.0,0.0,0.0,0.0,0.0,0.0,0.0,0.0,0.0,0.0
198408,0.0,0.0,0.0,0.0,0.0,0.0,0.0,0.0,0.0,0.0,0.0,0.0,0.0,0.0,0.0,0.0,0.0
198407,0.0,0.0,0.0,0.0,0.0,0.0,0.0,0.0,0.0,0.0,0.0,0.0,0.0,0.0,0.0,0.0,0.0
198406,0.0,0.0,0.0,0.0,0.0,0.0,0.0,0.0,0.0,0.0,0.0,0.0,0.0,0.0,0.0,0.0,0.0
198405,0.0,0.0,0.0,0.0,0.0,0.0,0.0,0.0,0.0,0.0,0.0,0.0,0.0,0.0,0.0,0.0,0.0
198404,0.0,0.0,0.0,0.0,0.0,0.0,0.0,0.0,0.0,0.0,0.0,0.0,0.0,0.0,0.0,0.0,0.0
198403,0.0,0.0,0.0,0.0,0.0,0.0,0.0,0.0,0.0,0.0,0.0,0.0,0.0,0.0,0.0,0.0,0.0
198402,0.0,0.0,0.0,0.0,0.0,0.0,0.0,0.0,0.0,0.0,0.0,0.0,0.0,0.0,0.0,0.0,0.0
198401,0.0,0.0,0.0,0.0,0.0,0.0,0.0,0.0,0.0,0.0,0.0,0.0,0.0,0.0,0.0,0.0,0.0
198312,0.0,0.0,0.0,0.0,0.0,0.0,0.0,0.0,0.0,0.0,0.0,0.0,0.0,0.0,0.0,0.0,0.0
198311,0.0,0.0,0.0,0.0,0.0,0.0,0.0,0.0,0.0,0.0,0.0,0.0,0.0,0.0,0.0,0.0,0.0
198310,0.0,0.0,0.0,0.0,0.0,0.0,0.0,0.0,0.0,0.0,0.0,0.0,0.0,0.0,0.0,0.0,0.0
198309,0.0,0.0,0.0,0.0,0.0,0.0,0.0,0.0,0.0,0.0,0.0,0.0,0.0,0.0,0.0,0.0,0.0
198308,0.0,0.0,0.0,0.0,0.0,0.0,0.0,0.0,0.0,0.0,0.0,0.0,0.0,0.0,0.0,0.0,0.0
198307,0.0,0.0,0.0,0.0,0.0,0.0,0.0,0.0,0.0,0.0,0.0,0.0,0.0,0.0,0.0,0.0,0.0
198306,0.0,0.0,0.0,0.0,0.0,0.0,0.0,0.0,0.0,0.0,0.0,0.0,0.0,0.0,0.0,0.0,0.0
198305,0.0,0.0,0.0,0.0,0.0,0.0,0.0,0.0,0.0,0.0,0.0,0.0,0.0,0.0,0.0,0.0,0.0
198304,0.0,0.0,0.0,0.0,0.0,0.0,0.0,0.0,0.0,0.0,0.0,0.0,0.0,0.0,0.0,0.0,0.0
198303,0.0,0.0,0.0,0.0,0.0,0.0,0.0,0.0,0.0,0.0,0.0,0.0,0.0,0.0,0.0,0.0,0.0
198302,0.0,0.0,0.0,0.0,0.0,0.0,0.0,0.0,0.0,0.0,0.0,0.0,0.0,0.0,0.0,0.0,0.0
198301,0.0,0.0,0.0,0.0,0.0,0.0,0.0,0.0,0.0,0.0,0.0,0.0,0.0,0.0,0.0,0.0,0.0
