,A0E0101_sj,A0E0103_sj,A0E0104_sj,A0E0105_sj,A0E0106_sj,A0E0102_sj,A0E0107_sj
202303,5.3,5.1,5.6,19.6,4.3,5.5,48.7
202302,5.6,5.4,5.9,18.1,4.8,5.7,47.9
202301,5.5,5.4,5.6,17.3,4.7,5.8,47.9
202212,5.5,5.4,5.7,16.7,4.8,6.1,47.9
202211,5.7,5.5,6.2,17.1,5.0,6.7,47.7
202210,5.5,5.4,5.7,17.9,4.7,6.0,47.9
202209,5.5,5.4,5.6,17.9,4.7,5.8,47.8
202208,5.3,5.3,5.3,18.7,4.3,5.4,48.0
202207,5.4,5.3,5.5,19.9,4.3,5.6,48.0
202206,5.5,5.3,5.8,19.3,4.5,5.8,47.7
202205,5.9,5.5,6.6,18.4,5.1,6.9,47.2
202204,6.1,5.7,6.9,18.2,5.3,6.7,46.2
202203,5.8,5.6,6.3,16.0,5.2,6.0,47.3
202202,5.5,5.5,5.6,15.3,4.8,5.4,46.7
202201,5.3,5.4,5.1,15.3,4.6,5.4,47.5
202112,5.1,5.1,4.9,14.3,4.4,5.1,0.0
202111,5.0,5.1,4.8,14.3,4.3,5.1,0.0
202110,4.9,4.9,4.8,14.2,4.2,5.1,0.0
202109,4.9,5.0,4.8,14.6,4.2,5.0,0.0
202108,5.1,5.2,5.0,15.3,4.3,5.3,0.0
202107,5.1,5.1,5.0,16.2,4.2,5.2,0.0
202106,5.0,5.0,5.1,15.4,4.2,5.2,0.0
202105,5.0,5.1,5.0,13.8,4.4,5.2,0.0
202104,5.1,5.1,5.1,13.6,4.6,5.2,0.0
202103,5.3,5.3,5.4,13.6,4.8,5.3,0.0
202102,5.5,5.7,5.2,13.1,5.0,5.5,0.0
202101,5.4,5.6,5.1,12.7,4.9,5.4,0.0
202012,5.2,0.0,0.0,12.3,4.7,5.1,0.0
202011,5.2,0.0,0.0,12.8,4.7,5.2,0.0
202010,5.3,0.0,0.0,13.2,4.8,5.3,0.0
202009,5.4,0.0,0.0,15.0,4.8,5.5,0.0
202008,5.6,0.0,0.0,16.8,4.8,5.7,0.0
202007,5.7,0.0,0.0,16.8,5.0,5.8,0.0
202006,5.7,0.0,0.0,15.4,5.2,5.8,0.0
202005,5.9,0.0,0.0,14.8,5.4,5.9,0.0
202004,6.0,0.0,0.0,13.8,5.5,5.8,0.0
202003,5.9,0.0,0.0,13.3,5.4,5.7,0.0
202002,6.2,0.0,0.0,13.6,5.6,5.7,0.0
202001,5.3,0.0,0.0,12.5,4.7,5.2,0.0
201912,5.2,0.0,0.0,12.2,4.7,5.2,0.0
201911,5.1,0.0,0.0,12.5,4.6,5.1,0.0
201910,5.1,0.0,0.0,12.4,4.6,5.1,0.0
201909,5.2,0.0,0.0,13.0,4.6,5.2,0.0
201908,5.2,0.0,0.0,13.1,4.5,5.2,0.0
201907,5.3,0.0,0.0,13.9,4.6,5.2,0.0
201906,5.1,0.0,0.0,11.6,4.6,5.0,0.0
201905,5.0,0.0,0.0,10.5,4.5,5.0,0.0
201904,5.0,0.0,0.0,9.9,4.7,5.0,0.0
201903,5.2,0.0,0.0,11.3,4.8,5.1,0.0
201902,5.3,0.0,0.0,11.0,4.9,5.0,0.0
201901,5.1,0.0,0.0,11.2,4.6,4.8,0.0
201812,4.9,0.0,0.0,10.1,4.4,4.7,0.0
201811,4.8,0.0,0.0,10.0,4.4,4.65,0.0
201810,4.9,0.0,0.0,9.8,4.4,4.7,0.0
201809,4.9,0.0,0.0,11.2,4.3,4.7,0.0
201808,5.0,0.0,0.0,13.1,4.3,4.9,0.0
201807,5.1,0.0,0.0,13.3,4.4,5.0,0.0
201806,4.8,0.0,0.0,10.0,4.4,4.7,0.0
201805,4.8,0.0,0.0,9.6,4.4,4.7,0.0
201804,4.9,0.0,0.0,10.1,4.4,4.7,0.0
201803,5.06,0.0,0.0,10.4,4.6,4.88,0.0
201802,5.0,0.0,0.0,11.0,4.5,4.84,0.0
201801,4.96,0.0,0.0,11.2,4.4,4.87,0.0
201712,0.0,0.0,0.0,0.0,0.0,0.0,0.0
201711,0.0,0.0,0.0,0.0,0.0,0.0,0.0
201710,0.0,0.0,0.0,0.0,0.0,0.0,0.0
201709,0.0,0.0,0.0,0.0,0.0,0.0,0.0
201708,0.0,0.0,0.0,0.0,0.0,0.0,0.0
201707,0.0,0.0,0.0,0.0,0.0,0.0,0.0
201706,0.0,0.0,0.0,0.0,0.0,0.0,0.0
201705,0.0,0.0,0.0,0.0,0.0,0.0,0.0
201704,0.0,0.0,0.0,0.0,0.0,0.0,0.0
201703,0.0,0.0,0.0,0.0,0.0,0.0,0.0
201702,0.0,0.0,0.0,0.0,0.0,0.0,0.0
201701,0.0,0.0,0.0,0.0,0.0,0.0,0.0
201612,0.0,0.0,0.0,0.0,0.0,0.0,0.0
201611,0.0,0.0,0.0,0.0,0.0,0.0,0.0
201610,0.0,0.0,0.0,0.0,0.0,0.0,0.0
201609,0.0,0.0,0.0,0.0,0.0,0.0,0.0
201608,0.0,0.0,0.0,0.0,0.0,0.0,0.0
201607,0.0,0.0,0.0,0.0,0.0,0.0,0.0
201606,0.0,0.0,0.0,0.0,0.0,0.0,0.0
201605,0.0,0.0,0.0,0.0,0.0,0.0,0.0
201604,0.0,0.0,0.0,0.0,0.0,0.0,0.0
201603,0.0,0.0,0.0,0.0,0.0,0.0,0.0
201602,0.0,0.0,0.0,0.0,0.0,0.0,0.0
201601,0.0,0.0,0.0,0.0,0.0,0.0,0.0
201512,0.0,0.0,0.0,0.0,0.0,0.0,0.0
201511,0.0,0.0,0.0,0.0,0.0,0.0,0.0
201510,0.0,0.0,0.0,0.0,0.0,0.0,0.0
201509,0.0,0.0,0.0,0.0,0.0,0.0,0.0
201508,0.0,0.0,0.0,0.0,0.0,0.0,0.0
201507,0.0,0.0,0.0,0.0,0.0,0.0,0.0
201506,0.0,0.0,0.0,0.0,0.0,0.0,0.0
201505,0.0,0.0,0.0,0.0,0.0,0.0,0.0
201504,0.0,0.0,0.0,0.0,0.0,0.0,0.0
201503,0.0,0.0,0.0,0.0,0.0,0.0,0.0
201502,0.0,0.0,0.0,0.0,0.0,0.0,0.0
201501,0.0,0.0,0.0,0.0,0.0,0.0,0.0
201412,0.0,0.0,0.0,0.0,0.0,0.0,0.0
201411,0.0,0.0,0.0,0.0,0.0,0.0,0.0
201410,0.0,0.0,0.0,0.0,0.0,0.0,0.0
201409,0.0,0.0,0.0,0.0,0.0,0.0,0.0
201408,0.0,0.0,0.0,0.0,0.0,0.0,0.0
201407,0.0,0.0,0.0,0.0,0.0,0.0,0.0
201406,0.0,0.0,0.0,0.0,0.0,0.0,0.0
201405,0.0,0.0,0.0,0.0,0.0,0.0,0.0
201404,0.0,0.0,0.0,0.0,0.0,0.0,0.0
201403,0.0,0.0,0.0,0.0,0.0,0.0,0.0
201402,0.0,0.0,0.0,0.0,0.0,0.0,0.0
201401,0.0,0.0,0.0,0.0,0.0,0.0,0.0
201312,0.0,0.0,0.0,0.0,0.0,0.0,0.0
201311,0.0,0.0,0.0,0.0,0.0,0.0,0.0
201310,0.0,0.0,0.0,0.0,0.0,0.0,0.0
201309,0.0,0.0,0.0,0.0,0.0,0.0,0.0
201308,0.0,0.0,0.0,0.0,0.0,0.0,0.0
201307,0.0,0.0,0.0,0.0,0.0,0.0,0.0
201306,0.0,0.0,0.0,0.0,0.0,0.0,0.0
201305,0.0,0.0,0.0,0.0,0.0,0.0,0.0
201304,0.0,0.0,0.0,0.0,0.0,0.0,0.0
201303,0.0,0.0,0.0,0.0,0.0,0.0,0.0
201302,0.0,0.0,0.0,0.0,0.0,0.0,0.0
201301,0.0,0.0,0.0,0.0,0.0,0.0,0.0
201212,0.0,0.0,0.0,0.0,0.0,0.0,0.0
201211,0.0,0.0,0.0,0.0,0.0,0.0,0.0
201210,0.0,0.0,0.0,0.0,0.0,0.0,0.0
201209,0.0,0.0,0.0,0.0,0.0,0.0,0.0
201208,0.0,0.0,0.0,0.0,0.0,0.0,0.0
201207,0.0,0.0,0.0,0.0,0.0,0.0,0.0
201206,0.0,0.0,0.0,0.0,0.0,0.0,0.0
201205,0.0,0.0,0.0,0.0,0.0,0.0,0.0
201204,0.0,0.0,0.0,0.0,0.0,0.0,0.0
201203,0.0,0.0,0.0,0.0,0.0,0.0,0.0
201202,0.0,0.0,0.0,0.0,0.0,0.0,0.0
201201,0.0,0.0,0.0,0.0,0.0,0.0,0.0
201112,0.0,0.0,0.0,0.0,0.0,0.0,0.0
201111,0.0,0.0,0.0,0.0,0.0,0.0,0.0
201110,0.0,0.0,0.0,0.0,0.0,0.0,0.0
201109,0.0,0.0,0.0,0.0,0.0,0.0,0.0
201108,0.0,0.0,0.0,0.0,0.0,0.0,0.0
201107,0.0,0.0,0.0,0.0,0.0,0.0,0.0
201106,0.0,0.0,0.0,0.0,0.0,0.0,0.0
201105,0.0,0.0,0.0,0.0,0.0,0.0,0.0
201104,0.0,0.0,0.0,0.0,0.0,0.0,0.0
201103,0.0,0.0,0.0,0.0,0.0,0.0,0.0
201102,0.0,0.0,0.0,0.0,0.0,0.0,0.0
201101,0.0,0.0,0.0,0.0,0.0,0.0,0.0
201012,0.0,0.0,0.0,0.0,0.0,0.0,0.0
201011,0.0,0.0,0.0,0.0,0.0,0.0,0.0
201010,0.0,0.0,0.0,0.0,0.0,0.0,0.0
201009,0.0,0.0,0.0,0.0,0.0,0.0,0.0
201008,0.0,0.0,0.0,0.0,0.0,0.0,0.0
201007,0.0,0.0,0.0,0.0,0.0,0.0,0.0
201006,0.0,0.0,0.0,0.0,0.0,0.0,0.0
201005,0.0,0.0,0.0,0.0,0.0,0.0,0.0
201004,0.0,0.0,0.0,0.0,0.0,0.0,0.0
201003,0.0,0.0,0.0,0.0,0.0,0.0,0.0
201002,0.0,0.0,0.0,0.0,0.0,0.0,0.0
201001,0.0,0.0,0.0,0.0,0.0,0.0,0.0
200912,0.0,0.0,0.0,0.0,0.0,0.0,0.0
200911,0.0,0.0,0.0,0.0,0.0,0.0,0.0
200910,0.0,0.0,0.0,0.0,0.0,0.0,0.0
200909,0.0,0.0,0.0,0.0,0.0,0.0,0.0
200908,0.0,0.0,0.0,0.0,0.0,0.0,0.0
200907,0.0,0.0,0.0,0.0,0.0,0.0,0.0
200906,0.0,0.0,0.0,0.0,0.0,0.0,0.0
200905,0.0,0.0,0.0,0.0,0.0,0.0,0.0
200904,0.0,0.0,0.0,0.0,0.0,0.0,0.0
200903,0.0,0.0,0.0,0.0,0.0,0.0,0.0
200902,0.0,0.0,0.0,0.0,0.0,0.0,0.0
200901,0.0,0.0,0.0,0.0,0.0,0.0,0.0
200812,0.0,0.0,0.0,0.0,0.0,0.0,0.0
200811,0.0,0.0,0.0,0.0,0.0,0.0,0.0
200810,0.0,0.0,0.0,0.0,0.0,0.0,0.0
200809,0.0,0.0,0.0,0.0,0.0,0.0,0.0
200808,0.0,0.0,0.0,0.0,0.0,0.0,0.0
200807,0.0,0.0,0.0,0.0,0.0,0.0,0.0
200806,0.0,0.0,0.0,0.0,0.0,0.0,0.0
200805,0.0,0.0,0.0,0.0,0.0,0.0,0.0
200804,0.0,0.0,0.0,0.0,0.0,0.0,0.0
200803,0.0,0.0,0.0,0.0,0.0,0.0,0.0
200802,0.0,0.0,0.0,0.0,0.0,0.0,0.0
200801,0.0,0.0,0.0,0.0,0.0,0.0,0.0
200712,0.0,0.0,0.0,0.0,0.0,0.0,0.0
200711,0.0,0.0,0.0,0.0,0.0,0.0,0.0
200710,0.0,0.0,0.0,0.0,0.0,0.0,0.0
200709,0.0,0.0,0.0,0.0,0.0,0.0,0.0
200708,0.0,0.0,0.0,0.0,0.0,0.0,0.0
200707,0.0,0.0,0.0,0.0,0.0,0.0,0.0
200706,0.0,0.0,0.0,0.0,0.0,0.0,0.0
200705,0.0,0.0,0.0,0.0,0.0,0.0,0.0
200704,0.0,0.0,0.0,0.0,0.0,0.0,0.0
200703,0.0,0.0,0.0,0.0,0.0,0.0,0.0
200702,0.0,0.0,0.0,0.0,0.0,0.0,0.0
200701,0.0,0.0,0.0,0.0,0.0,0.0,0.0
200612,0.0,0.0,0.0,0.0,0.0,0.0,0.0
200611,0.0,0.0,0.0,0.0,0.0,0.0,0.0
200610,0.0,0.0,0.0,0.0,0.0,0.0,0.0
200609,0.0,0.0,0.0,0.0,0.0,0.0,0.0
200608,0.0,0.0,0.0,0.0,0.0,0.0,0.0
200607,0.0,0.0,0.0,0.0,0.0,0.0,0.0
200606,0.0,0.0,0.0,0.0,0.0,0.0,0.0
200605,0.0,0.0,0.0,0.0,0.0,0.0,0.0
200604,0.0,0.0,0.0,0.0,0.0,0.0,0.0
200603,0.0,0.0,0.0,0.0,0.0,0.0,0.0
200602,0.0,0.0,0.0,0.0,0.0,0.0,0.0
200601,0.0,0.0,0.0,0.0,0.0,0.0,0.0
200512,0.0,0.0,0.0,0.0,0.0,0.0,0.0
200511,0.0,0.0,0.0,0.0,0.0,0.0,0.0
200510,0.0,0.0,0.0,0.0,0.0,0.0,0.0
200509,0.0,0.0,0.0,0.0,0.0,0.0,0.0
200508,0.0,0.0,0.0,0.0,0.0,0.0,0.0
200507,0.0,0.0,0.0,0.0,0.0,0.0,0.0
200506,0.0,0.0,0.0,0.0,0.0,0.0,0.0
200505,0.0,0.0,0.0,0.0,0.0,0.0,0.0
200504,0.0,0.0,0.0,0.0,0.0,0.0,0.0
200503,0.0,0.0,0.0,0.0,0.0,0.0,0.0
200502,0.0,0.0,0.0,0.0,0.0,0.0,0.0
200501,0.0,0.0,0.0,0.0,0.0,0.0,0.0
200412,0.0,0.0,0.0,0.0,0.0,0.0,0.0
200411,0.0,0.0,0.0,0.0,0.0,0.0,0.0
200410,0.0,0.0,0.0,0.0,0.0,0.0,0.0
200409,0.0,0.0,0.0,0.0,0.0,0.0,0.0
200408,0.0,0.0,0.0,0.0,0.0,0.0,0.0
200407,0.0,0.0,0.0,0.0,0.0,0.0,0.0
200406,0.0,0.0,0.0,0.0,0.0,0.0,0.0
200405,0.0,0.0,0.0,0.0,0.0,0.0,0.0
200404,0.0,0.0,0.0,0.0,0.0,0.0,0.0
200403,0.0,0.0,0.0,0.0,0.0,0.0,0.0
200402,0.0,0.0,0.0,0.0,0.0,0.0,0.0
200401,0.0,0.0,0.0,0.0,0.0,0.0,0.0
200312,0.0,0.0,0.0,0.0,0.0,0.0,0.0
200311,0.0,0.0,0.0,0.0,0.0,0.0,0.0
200310,0.0,0.0,0.0,0.0,0.0,0.0,0.0
200309,0.0,0.0,0.0,0.0,0.0,0.0,0.0
200308,0.0,0.0,0.0,0.0,0.0,0.0,0.0
200307,0.0,0.0,0.0,0.0,0.0,0.0,0.0
200306,0.0,0.0,0.0,0.0,0.0,0.0,0.0
200305,0.0,0.0,0.0,0.0,0.0,0.0,0.0
200304,0.0,0.0,0.0,0.0,0.0,0.0,0.0
200303,0.0,0.0,0.0,0.0,0.0,0.0,0.0
200302,0.0,0.0,0.0,0.0,0.0,0.0,0.0
200301,0.0,0.0,0.0,0.0,0.0,0.0,0.0
200212,0.0,0.0,0.0,0.0,0.0,0.0,0.0
200211,0.0,0.0,0.0,0.0,0.0,0.0,0.0
200210,0.0,0.0,0.0,0.0,0.0,0.0,0.0
200209,0.0,0.0,0.0,0.0,0.0,0.0,0.0
200208,0.0,0.0,0.0,0.0,0.0,0.0,0.0
200207,0.0,0.0,0.0,0.0,0.0,0.0,0.0
200206,0.0,0.0,0.0,0.0,0.0,0.0,0.0
200205,0.0,0.0,0.0,0.0,0.0,0.0,0.0
200204,0.0,0.0,0.0,0.0,0.0,0.0,0.0
200203,0.0,0.0,0.0,0.0,0.0,0.0,0.0
200202,0.0,0.0,0.0,0.0,0.0,0.0,0.0
200201,0.0,0.0,0.0,0.0,0.0,0.0,0.0
200112,0.0,0.0,0.0,0.0,0.0,0.0,0.0
200111,0.0,0.0,0.0,0.0,0.0,0.0,0.0
200110,0.0,0.0,0.0,0.0,0.0,0.0,0.0
200109,0.0,0.0,0.0,0.0,0.0,0.0,0.0
200108,0.0,0.0,0.0,0.0,0.0,0.0,0.0
200107,0.0,0.0,0.0,0.0,0.0,0.0,0.0
200106,0.0,0.0,0.0,0.0,0.0,0.0,0.0
200105,0.0,0.0,0.0,0.0,0.0,0.0,0.0
200104,0.0,0.0,0.0,0.0,0.0,0.0,0.0
200103,0.0,0.0,0.0,0.0,0.0,0.0,0.0
200102,0.0,0.0,0.0,0.0,0.0,0.0,0.0
200101,0.0,0.0,0.0,0.0,0.0,0.0,0.0
200012,0.0,0.0,0.0,0.0,0.0,0.0,0.0
200011,0.0,0.0,0.0,0.0,0.0,0.0,0.0
200010,0.0,0.0,0.0,0.0,0.0,0.0,0.0
200009,0.0,0.0,0.0,0.0,0.0,0.0,0.0
200008,0.0,0.0,0.0,0.0,0.0,0.0,0.0
200007,0.0,0.0,0.0,0.0,0.0,0.0,0.0
200006,0.0,0.0,0.0,0.0,0.0,0.0,0.0
200005,0.0,0.0,0.0,0.0,0.0,0.0,0.0
200004,0.0,0.0,0.0,0.0,0.0,0.0,0.0
200003,0.0,0.0,0.0,0.0,0.0,0.0,0.0
200002,0.0,0.0,0.0,0.0,0.0,0.0,0.0
200001,0.0,0.0,0.0,0.0,0.0,0.0,0.0
199912,0.0,0.0,0.0,0.0,0.0,0.0,0.0
199911,0.0,0.0,0.0,0.0,0.0,0.0,0.0
199910,0.0,0.0,0.0,0.0,0.0,0.0,0.0
199909,0.0,0.0,0.0,0.0,0.0,0.0,0.0
199908,0.0,0.0,0.0,0.0,0.0,0.0,0.0
199907,0.0,0.0,0.0,0.0,0.0,0.0,0.0
199906,0.0,0.0,0.0,0.0,0.0,0.0,0.0
199905,0.0,0.0,0.0,0.0,0.0,0.0,0.0
199904,0.0,0.0,0.0,0.0,0.0,0.0,0.0
199903,0.0,0.0,0.0,0.0,0.0,0.0,0.0
199902,0.0,0.0,0.0,0.0,0.0,0.0,0.0
199901,0.0,0.0,0.0,0.0,0.0,0.0,0.0
199812,0.0,0.0,0.0,0.0,0.0,0.0,0.0
199811,0.0,0.0,0.0,0.0,0.0,0.0,0.0
199810,0.0,0.0,0.0,0.0,0.0,0.0,0.0
199809,0.0,0.0,0.0,0.0,0.0,0.0,0.0
199808,0.0,0.0,0.0,0.0,0.0,0.0,0.0
199807,0.0,0.0,0.0,0.0,0.0,0.0,0.0
199806,0.0,0.0,0.0,0.0,0.0,0.0,0.0
199805,0.0,0.0,0.0,0.0,0.0,0.0,0.0
199804,0.0,0.0,0.0,0.0,0.0,0.0,0.0
199803,0.0,0.0,0.0,0.0,0.0,0.0,0.0
199802,0.0,0.0,0.0,0.0,0.0,0.0,0.0
199801,0.0,0.0,0.0,0.0,0.0,0.0,0.0
199712,0.0,0.0,0.0,0.0,0.0,0.0,0.0
199711,0.0,0.0,0.0,0.0,0.0,0.0,0.0
199710,0.0,0.0,0.0,0.0,0.0,0.0,0.0
199709,0.0,0.0,0.0,0.0,0.0,0.0,0.0
199708,0.0,0.0,0.0,0.0,0.0,0.0,0.0
199707,0.0,0.0,0.0,0.0,0.0,0.0,0.0
199706,0.0,0.0,0.0,0.0,0.0,0.0,0.0
199705,0.0,0.0,0.0,0.0,0.0,0.0,0.0
199704,0.0,0.0,0.0,0.0,0.0,0.0,0.0
199703,0.0,0.0,0.0,0.0,0.0,0.0,0.0
199702,0.0,0.0,0.0,0.0,0.0,0.0,0.0
199701,0.0,0.0,0.0,0.0,0.0,0.0,0.0
199612,0.0,0.0,0.0,0.0,0.0,0.0,0.0
199611,0.0,0.0,0.0,0.0,0.0,0.0,0.0
199610,0.0,0.0,0.0,0.0,0.0,0.0,0.0
199609,0.0,0.0,0.0,0.0,0.0,0.0,0.0
199608,0.0,0.0,0.0,0.0,0.0,0.0,0.0
199607,0.0,0.0,0.0,0.0,0.0,0.0,0.0
199606,0.0,0.0,0.0,0.0,0.0,0.0,0.0
199605,0.0,0.0,0.0,0.0,0.0,0.0,0.0
199604,0.0,0.0,0.0,0.0,0.0,0.0,0.0
199603,0.0,0.0,0.0,0.0,0.0,0.0,0.0
199602,0.0,0.0,0.0,0.0,0.0,0.0,0.0
199601,0.0,0.0,0.0,0.0,0.0,0.0,0.0
199512,0.0,0.0,0.0,0.0,0.0,0.0,0.0
199511,0.0,0.0,0.0,0.0,0.0,0.0,0.0
199510,0.0,0.0,0.0,0.0,0.0,0.0,0.0
199509,0.0,0.0,0.0,0.0,0.0,0.0,0.0
199508,0.0,0.0,0.0,0.0,0.0,0.0,0.0
199507,0.0,0.0,0.0,0.0,0.0,0.0,0.0
199506,0.0,0.0,0.0,0.0,0.0,0.0,0.0
199505,0.0,0.0,0.0,0.0,0.0,0.0,0.0
199504,0.0,0.0,0.0,0.0,0.0,0.0,0.0
199503,0.0,0.0,0.0,0.0,0.0,0.0,0.0
199502,0.0,0.0,0.0,0.0,0.0,0.0,0.0
199501,0.0,0.0,0.0,0.0,0.0,0.0,0.0
199412,0.0,0.0,0.0,0.0,0.0,0.0,0.0
199411,0.0,0.0,0.0,0.0,0.0,0.0,0.0
199410,0.0,0.0,0.0,0.0,0.0,0.0,0.0
199409,0.0,0.0,0.0,0.0,0.0,0.0,0.0
199408,0.0,0.0,0.0,0.0,0.0,0.0,0.0
199407,0.0,0.0,0.0,0.0,0.0,0.0,0.0
199406,0.0,0.0,0.0,0.0,0.0,0.0,0.0
199405,0.0,0.0,0.0,0.0,0.0,0.0,0.0
199404,0.0,0.0,0.0,0.0,0.0,0.0,0.0
199403,0.0,0.0,0.0,0.0,0.0,0.0,0.0
199402,0.0,0.0,0.0,0.0,0.0,0.0,0.0
199401,0.0,0.0,0.0,0.0,0.0,0.0,0.0
199312,0.0,0.0,0.0,0.0,0.0,0.0,0.0
199311,0.0,0.0,0.0,0.0,0.0,0.0,0.0
199310,0.0,0.0,0.0,0.0,0.0,0.0,0.0
199309,0.0,0.0,0.0,0.0,0.0,0.0,0.0
199308,0.0,0.0,0.0,0.0,0.0,0.0,0.0
199307,0.0,0.0,0.0,0.0,0.0,0.0,0.0
199306,0.0,0.0,0.0,0.0,0.0,0.0,0.0
199305,0.0,0.0,0.0,0.0,0.0,0.0,0.0
199304,0.0,0.0,0.0,0.0,0.0,0.0,0.0
199303,0.0,0.0,0.0,0.0,0.0,0.0,0.0
199302,0.0,0.0,0.0,0.0,0.0,0.0,0.0
199301,0.0,0.0,0.0,0.0,0.0,0.0,0.0
199212,0.0,0.0,0.0,0.0,0.0,0.0,0.0
199211,0.0,0.0,0.0,0.0,0.0,0.0,0.0
199210,0.0,0.0,0.0,0.0,0.0,0.0,0.0
199209,0.0,0.0,0.0,0.0,0.0,0.0,0.0
199208,0.0,0.0,0.0,0.0,0.0,0.0,0.0
199207,0.0,0.0,0.0,0.0,0.0,0.0,0.0
199206,0.0,0.0,0.0,0.0,0.0,0.0,0.0
199205,0.0,0.0,0.0,0.0,0.0,0.0,0.0
199204,0.0,0.0,0.0,0.0,0.0,0.0,0.0
199203,0.0,0.0,0.0,0.0,0.0,0.0,0.0
199202,0.0,0.0,0.0,0.0,0.0,0.0,0.0
199201,0.0,0.0,0.0,0.0,0.0,0.0,0.0
199112,0.0,0.0,0.0,0.0,0.0,0.0,0.0
199111,0.0,0.0,0.0,0.0,0.0,0.0,0.0
199110,0.0,0.0,0.0,0.0,0.0,0.0,0.0
199109,0.0,0.0,0.0,0.0,0.0,0.0,0.0
199108,0.0,0.0,0.0,0.0,0.0,0.0,0.0
199107,0.0,0.0,0.0,0.0,0.0,0.0,0.0
199106,0.0,0.0,0.0,0.0,0.0,0.0,0.0
199105,0.0,0.0,0.0,0.0,0.0,0.0,0.0
199104,0.0,0.0,0.0,0.0,0.0,0.0,0.0
199103,0.0,0.0,0.0,0.0,0.0,0.0,0.0
199102,0.0,0.0,0.0,0.0,0.0,0.0,0.0
199101,0.0,0.0,0.0,0.0,0.0,0.0,0.0
199012,0.0,0.0,0.0,0.0,0.0,0.0,0.0
199011,0.0,0.0,0.0,0.0,0.0,0.0,0.0
199010,0.0,0.0,0.0,0.0,0.0,0.0,0.0
199009,0.0,0.0,0.0,0.0,0.0,0.0,0.0
199008,0.0,0.0,0.0,0.0,0.0,0.0,0.0
199007,0.0,0.0,0.0,0.0,0.0,0.0,0.0
199006,0.0,0.0,0.0,0.0,0.0,0.0,0.0
199005,0.0,0.0,0.0,0.0,0.0,0.0,0.0
199004,0.0,0.0,0.0,0.0,0.0,0.0,0.0
199003,0.0,0.0,0.0,0.0,0.0,0.0,0.0
199002,0.0,0.0,0.0,0.0,0.0,0.0,0.0
199001,0.0,0.0,0.0,0.0,0.0,0.0,0.0
198912,0.0,0.0,0.0,0.0,0.0,0.0,0.0
198911,0.0,0.0,0.0,0.0,0.0,0.0,0.0
198910,0.0,0.0,0.0,0.0,0.0,0.0,0.0
198909,0.0,0.0,0.0,0.0,0.0,0.0,0.0
198908,0.0,0.0,0.0,0.0,0.0,0.0,0.0
198907,0.0,0.0,0.0,0.0,0.0,0.0,0.0
198906,0.0,0.0,0.0,0.0,0.0,0.0,0.0
198905,0.0,0.0,0.0,0.0,0.0,0.0,0.0
198904,0.0,0.0,0.0,0.0,0.0,0.0,0.0
198903,0.0,0.0,0.0,0.0,0.0,0.0,0.0
198902,0.0,0.0,0.0,0.0,0.0,0.0,0.0
198901,0.0,0.0,0.0,0.0,0.0,0.0,0.0
198812,0.0,0.0,0.0,0.0,0.0,0.0,0.0
198811,0.0,0.0,0.0,0.0,0.0,0.0,0.0
198810,0.0,0.0,0.0,0.0,0.0,0.0,0.0
198809,0.0,0.0,0.0,0.0,0.0,0.0,0.0
198808,0.0,0.0,0.0,0.0,0.0,0.0,0.0
198807,0.0,0.0,0.0,0.0,0.0,0.0,0.0
198806,0.0,0.0,0.0,0.0,0.0,0.0,0.0
198805,0.0,0.0,0.0,0.0,0.0,0.0,0.0
198804,0.0,0.0,0.0,0.0,0.0,0.0,0.0
198803,0.0,0.0,0.0,0.0,0.0,0.0,0.0
198802,0.0,0.0,0.0,0.0,0.0,0.0,0.0
198801,0.0,0.0,0.0,0.0,0.0,0.0,0.0
198712,0.0,0.0,0.0,0.0,0.0,0.0,0.0
198711,0.0,0.0,0.0,0.0,0.0,0.0,0.0
198710,0.0,0.0,0.0,0.0,0.0,0.0,0.0
198709,0.0,0.0,0.0,0.0,0.0,0.0,0.0
198708,0.0,0.0,0.0,0.0,0.0,0.0,0.0
198707,0.0,0.0,0.0,0.0,0.0,0.0,0.0
198706,0.0,0.0,0.0,0.0,0.0,0.0,0.0
198705,0.0,0.0,0.0,0.0,0.0,0.0,0.0
198704,0.0,0.0,0.0,0.0,0.0,0.0,0.0
198703,0.0,0.0,0.0,0.0,0.0,0.0,0.0
198702,0.0,0.0,0.0,0.0,0.0,0.0,0.0
198701,0.0,0.0,0.0,0.0,0.0,0.0,0.0
198612,0.0,0.0,0.0,0.0,0.0,0.0,0.0
198611,0.0,0.0,0.0,0.0,0.0,0.0,0.0
198610,0.0,0.0,0.0,0.0,0.0,0.0,0.0
198609,0.0,0.0,0.0,0.0,0.0,0.0,0.0
198608,0.0,0.0,0.0,0.0,0.0,0.0,0.0
198607,0.0,0.0,0.0,0.0,0.0,0.0,0.0
198606,0.0,0.0,0.0,0.0,0.0,0.0,0.0
198605,0.0,0.0,0.0,0.0,0.0,0.0,0.0
198604,0.0,0.0,0.0,0.0,0.0,0.0,0.0
198603,0.0,0.0,0.0,0.0,0.0,0.0,0.0
198602,0.0,0.0,0.0,0.0,0.0,0.0,0.0
198601,0.0,0.0,0.0,0.0,0.0,0.0,0.0
198512,0.0,0.0,0.0,0.0,0.0,0.0,0.0
198511,0.0,0.0,0.0,0.0,0.0,0.0,0.0
198510,0.0,0.0,0.0,0.0,0.0,0.0,0.0
198509,0.0,0.0,0.0,0.0,0.0,0.0,0.0
198508,0.0,0.0,0.0,0.0,0.0,0.0,0.0
198507,0.0,0.0,0.0,0.0,0.0,0.0,0.0
198506,0.0,0.0,0.0,0.0,0.0,0.0,0.0
198505,0.0,0.0,0.0,0.0,0.0,0.0,0.0
198504,0.0,0.0,0.0,0.0,0.0,0.0,0.0
198503,0.0,0.0,0.0,0.0,0.0,0.0,0.0
198502,0.0,0.0,0.0,0.0,0.0,0.0,0.0
198501,0.0,0.0,0.0,0.0,0.0,0.0,0.0
198412,0.0,0.0,0.0,0.0,0.0,0.0,0.0
198411,0.0,0.0,0.0,0.0,0.0,0.0,0.0
198410,0.0,0.0,0.0,0.0,0.0,0.0,0.0
198409,0.0,0.0,0.0,0.0,0.0,0.0,0.0
198408,0.0,0.0,0.0,0.0,0.0,0.0,0.0
198407,0.0,0.0,0.0,0.0,0.0,0.0,0.0
198406,0.0,0.0,0.0,0.0,0.0,0.0,0.0
198405,0.0,0.0,0.0,0.0,0.0,0.0,0.0
198404,0.0,0.0,0.0,0.0,0.0,0.0,0.0
198403,0.0,0.0,0.0,0.0,0.0,0.0,0.0
198402,0.0,0.0,0.0,0.0,0.0,0.0,0.0
198401,0.0,0.0,0.0,0.0,0.0,0.0,0.0
198312,0.0,0.0,0.0,0.0,0.0,0.0,0.0
198311,0.0,0.0,0.0,0.0,0.0,0.0,0.0
198310,0.0,0.0,0.0,0.0,0.0,0.0,0.0
198309,0.0,0.0,0.0,0.0,0.0,0.0,0.0
198308,0.0,0.0,0.0,0.0,0.0,0.0,0.0
198307,0.0,0.0,0.0,0.0,0.0,0.0,0.0
198306,0.0,0.0,0.0,0.0,0.0,0.0,0.0
198305,0.0,0.0,0.0,0.0,0.0,0.0,0.0
198304,0.0,0.0,0.0,0.0,0.0,0.0,0.0
198303,0.0,0.0,0.0,0.0,0.0,0.0,0.0
198302,0.0,0.0,0.0,0.0,0.0,0.0,0.0
198301,0.0,0.0,0.0,0.0,0.0,0.0,0.0
