,A060101_sj,A060102_sj,A060103_sj,A060104_sj,A060105_sj,A060106_sj,A060107_sj,A060108_sj,A060109_sj,A06010A_sj,A06010B_sj,A06010C_sj,A06010D_sj,A06010E_sj,A06010F_sj,A06010G_sj,A06010H_sj,A06010I_sj,A06010J_sj,A06010K_sj,A06010L_sj,A06010M_sj,A06010N_sj,A06010O_sj,A06010P_sj,A06010Q_sj,A06010R_sj,A06010S_sj,A06010T_sj,A06010U_sj,A06010V_sj,A06010W_sj
202303,25973.7239,-5.8,0.0,0.0,19767.031,-4.1,3560.9209,-7.5,3064.1346,0.3,0.0,0.0,1031.2315,-11.5,1927.9718,-17.1,3247.4896,-6.2,15248.8983,-10.6,929.6181,-4.5,212.8668,-12.8,9582.3407,3.1,8173.3338,4.6,934873.3053,0.9,11554.3817,28.0
202302,13669.2486,-5.7,0.0,0.0,10272.5989,-4.6,1886.9142,-11.7,1612.9527,3.1,0.0,0.0,614.3127,-7.6,1031.3914,-17.0,1750.9456,-4.0,8403.9613,-13.1,510.4384,-5.4,120.0123,-10.2,4634.8366,11.6,3976.585,16.4,919683.3189,2.1,7845.8153,16.6
202301,0.0,0.0,0.0,0.0,0.0,0.0,0.0,0.0,0.0,0.0,0.0,0.0,0.0,0.0,0.0,0.0,0.0,0.0,0.0,0.0,0.0,0.0,0.0,0.0,0.0,0.0,0.0,0.0,0.0,0.0,0.0,0.0
202212,132895.4113,-10.0,0.0,0.0,100646.3787,-9.5,18147.0946,-11.8,15254.22,-11.9,0.0,0.0,5290.7711,-11.4,10647.359,-14.4,16310.9025,-9.4,79311.1814,-10.8,4610.2431,-13.6,1181.7397,-11.2,47792.2471,-8.1,41030.0123,-5.7,1025462.3688,-0.8,43302.5352,-13.6
202211,123863.0006,-9.8,0.0,0.0,94015.8823,-9.2,16861.9508,-11.9,14285.6741,-11.2,0.0,0.0,4825.7059,-11.3,9845.1316,-14.5,15176.2808,-9.5,73052.5807,-10.3,4246.0878,-12.7,1097.2159,-8.4,45467.1162,-8.7,39551.5768,-6.3,1016015.7594,-0.2,28623.5928,-15.2
202210,113945.3017,-8.8,0.0,0.0,86519.6086,-8.3,15527.0578,-10.8,13060.2629,-10.6,0.0,0.0,4402.7216,-10.3,9079.3586,-13.5,13943.6129,-8.3,66904.6416,-9.3,3890.9643,-11.5,1019.8517,-3.7,42129.8441,-7.8,36653.1651,-5.7,1006366.4696,0.7,24494.4618,-12.9
202209,103558.5404,-8.0,0.0,0.0,78556.0457,-7.5,14147.6356,-10.0,11837.6498,-9.9,0.0,0.0,4005.6039,-9.9,8276.4307,-12.2,12720.4601,-7.8,60770.7411,-8.5,3518.5368,-11.3,947.754,0.5,38321.5085,-7.1,33311.7316,-5.0,997217.8641,1.1,21700.7566,-14.1
202208,90808.8576,-7.4,0.0,0.0,68877.8049,-6.9,12418.5251,-9.6,10304.7174,-9.9,0.0,0.0,3495.9071,-10.1,7267.7446,-11.6,11167.401,-6.7,53316.3374,-7.9,3087.2047,-11.3,807.3429,0.3,33597.9726,-6.4,29315.3857,-4.5,988038.5629,2.0,19180.5798,-18.0
202207,79462.3902,-6.4,0.0,0.0,60237.6907,-5.8,10853.8836,-9.5,8990.5718,-8.8,0.0,0.0,3035.242,-10.3,6408.2011,-10.2,9781.2564,-5.9,46699.704,-6.6,2682.8665,-11.1,693.6661,0.0,29386.1536,-5.7,25555.8772,-4.0,978918.3547,2.4,16719.1314,-21.1
202206,68314.2075,-5.4,0.0,0.0,51804.496,-4.5,9327.6236,-8.4,7708.3244,-8.2,0.0,0.0,2616.267,-10.1,5528.2296,-8.7,8365.2149,-6.8,40297.7789,-5.1,2303.8182,-10.0,595.7825,4.6,25116.8279,-5.5,21720.5122,-4.6,969090.1829,3.2,15115.0333,-18.8
202205,52133.617,-4.0,0.0,0.0,39521.2403,-3.0,7141.1182,-5.8,5849.2722,-8.1,0.0,0.0,2000.3646,-9.4,4269.7725,-7.0,6342.2396,-6.3,31035.4041,-2.4,1765.0162,-9.7,443.1197,1.2,18890.077,-6.2,16389.7613,-6.3,954757.101,5.4,12425.18,-11.6
202204,39154.3128,-2.7,0.0,0.0,29527.2715,-2.1,5401.2592,-4.1,4329.459,-7.6,0.0,0.0,1554.4873,-8.2,3259.1936,-5.3,4813.3604,-2.6,23564.9503,-1.5,1368.446,-9.0,341.0286,-2.2,13879.8879,-4.1,11892.4404,-3.8,940632.5271,6.2,10615.3276,-9.3
202203,27764.9515,0.7,0.0,0.0,20761.2592,0.7,3883.8829,1.1,3076.5114,-5.9,0.0,0.0,1171.7761,-1.6,2347.3523,-2.1,3484.5639,3.6,17198.2,1.6,984.4349,-10.1,246.6142,-2.8,9335.7024,0.5,7852.8153,0.6,926430.4298,7.2,9026.1343,-10.6
202202,14499.3761,3.7,0.0,0.0,10768.8743,3.7,2137.8926,9.1,1564.3859,-6.5,0.0,0.0,664.9419,-1.5,1242.0897,-0.7,1823.4702,9.1,9674.8979,2.0,539.3753,-12.2,133.7051,-4.3,4151.3978,10.9,3417.0218,11.3,900607.7197,7.5,6729.5475,-5.6
202201,0.0,0.0,0.0,0.0,0.0,0.0,0.0,0.0,0.0,0.0,0.0,0.0,0.0,0.0,0.0,0.0,0.0,0.0,0.0,0.0,0.0,0.0,0.0,0.0,0.0,0.0,0.0,0.0,0.0,0.0,0.0,0.0
202112,147602.0767,4.4,0.0,0.0,111173.0,6.4,20566.5013,0.6,17322.5427,4.5,0.0,0.0,5973.8974,-8.0,12444.7642,-4.8,18010.4151,3.3,88910.2856,8.6,5336.0787,-8.8,1331.0734,-7.8,52024.639,-0.4,43504.6847,-2.1,1033431.0018,8.9,50091.0297,16.6
202111,137313.9585,6.0,0.0,0.0,103587.4765,8.1,19148.668,2.5,16088.212,5.5,0.0,0.0,5437.7174,-6.1,11520.1683,-3.1,16768.5963,4.9,81463.6842,10.5,4861.4882,-8.0,1197.24,-9.7,49791.5461,1.3,42225.2167,-0.6,1017745.5598,9.6,33742.3642,20.4
202110,124933.6196,7.2,0.0,0.0,94326.6302,9.3,17408.3318,3.3,14605.2532,6.4,0.0,0.0,4907.76,-4.9,10492.0935,-1.8,15207.1359,5.5,73776.2949,11.8,4397.1927,-7.6,1059.5234,-12.1,45700.6086,2.4,38868.4252,0.4,999756.4122,10.3,28134.748,20.8
202109,112568.069,8.8,0.0,0.0,84905.5641,10.9,15718.7287,4.6,13142.0877,8.3,0.0,0.0,4446.2923,-0.5,9422.8265,-1.3,13793.3861,6.9,66398.0874,13.9,3968.5739,-6.1,942.7724,-11.9,41258.6353,3.5,35083.1269,1.1,986471.05,10.9,25269.2591,27.8
202108,98059.7263,10.9,0.0,0.0,73971.1317,13.0,13742.9591,6.9,11431.7703,9.0,0.0,0.0,3890.1252,1.8,8225.827,0.2,11972.6424,9.1,57863.5708,16.3,3478.8651,-4.5,805.2338,-13.0,35912.0566,5.2,30704.4519,2.9,968945.4581,11.5,23393.5154,31.7
202107,84895.4072,12.7,0.0,0.0,63980.2832,14.9,11996.6113,9.1,9857.2553,10.4,0.0,0.0,3383.3989,3.7,7133.2974,2.0,10398.4277,10.7,50024.6085,18.8,3017.2372,-2.7,693.9982,-13.2,31159.5633,6.3,26617.493,4.0,955666.4528,12.3,21181.6338,32.4
202106,72179.0712,15.0,0.0,0.0,54244.2241,17.0,10182.1573,9.9,8399.3671,12.9,0.0,0.0,2909.5664,6.7,6054.1892,3.5,8971.0915,14.3,42479.4635,21.5,2560.3891,-1.2,569.6281,-15.8,26569.5905,8.2,22759.9058,6.3,938605.8123,12.4,18625.1322,32.8
202105,54318.0785,18.3,0.0,0.0,40750.2149,20.7,7580.8862,12.5,6366.7309,15.0,0.0,0.0,2207.9809,6.2,4590.5858,6.1,6769.2969,17.8,31788.0662,22.7,1954.501,0.2,437.928,-15.7,20137.5833,14.8,17487.2997,14.4,906071.7602,12.5,14051.1802,23.4
202104,40239.7557,21.6,0.0,0.0,30161.6916,24.4,5634.9436,16.0,4683.4088,16.3,0.0,0.0,1694.2575,10.8,3443.2122,9.5,4940.5944,17.9,23918.4909,27.1,1503.2671,5.9,348.6059,-11.1,14469.3918,16.0,12367.4577,14.2,885466.5864,12.6,11708.0334,24.6
202103,27575.8249,25.6,0.0,0.0,20623.7047,28.8,3840.2707,21.6,3269.7037,21.1,0.0,0.0,1190.3125,14.9,2396.9557,13.8,3364.852,19.9,16934.8303,34.3,1094.449,16.8,253.8091,-1.4,9292.7365,13.9,7802.6502,11.4,864331.0409,12.8,10091.4817,30.6
202102,13985.8657,38.3,0.0,0.0,10387.2635,41.9,1960.0236,37.1,1672.2964,30.4,0.0,0.0,675.2788,22.8,1251.2449,27.8,1672.0785,31.8,9487.7047,48.4,614.2972,32.7,139.6658,13.6,3744.198,19.4,3071.2444,16.4,837785.4471,12.4,7126.7236,45.6
202101,0.0,0.0,0.0,0.0,0.0,0.0,0.0,0.0,0.0,0.0,0.0,0.0,0.0,0.0,0.0,0.0,0.0,0.0,0.0,0.0,0.0,0.0,0.0,0.0,0.0,0.0,0.0,0.0,0.0,0.0,0.0,0.0
202012,141442.9455,7.0,0.0,0.0,104445.7333,7.6,20444.9305,4.5,16584.154,-4.1,0.0,0.0,6494.1019,5.4,13076.0629,-1.1,17427.0474,10.8,81904.8893,8.8,5849.85,-12.9,1442.9388,-15.8,52245.2674,7.7,44451.8726,6.7,948886.6319,13.0,42970.4707,-0.1
202011,129492.364,6.8,0.0,0.0,95836.9324,7.4,18687.9733,4.1,15250.8885,-4.2,0.0,0.0,5787.9312,4.2,11886.2937,-1.9,15981.2067,11.3,73710.7338,7.9,5284.1947,-13.9,1325.9305,-15.8,49171.505,8.7,42492.8243,8.1,928868.2281,12.6,28019.0594,-0.4
202010,116555.7566,6.3,0.0,0.0,86298.3787,7.0,16855.8147,4.0,13722.8338,-5.0,0.0,0.0,5160.2452,3.5,10682.776,-2.8,14414.3567,11.2,65965.9955,7.0,4757.2789,-14.3,1205.2759,-16.2,44627.2063,8.9,38718.5464,8.6,906267.958,12.5,23294.9859,-3.5
202009,103484.1959,5.6,0.0,0.0,76561.9408,6.1,15024.4947,3.1,12132.0862,-6.5,0.0,0.0,4469.892,0.5,9548.3256,-2.5,12904.0375,11.1,58308.6151,6.1,4225.3653,-15.6,1069.7995,-17.4,39880.416,8.5,34715.1648,8.4,889430.4703,12.6,19770.4345,-4.8
202008,88454.1445,4.6,0.0,0.0,65454.0667,5.3,12856.377,2.4,10488.4708,-7.1,0.0,0.0,3821.2063,-1.0,8209.1701,-2.9,10969.7014,8.8,49763.1847,4.9,3641.5882,-16.6,925.4646,-18.6,34123.907,7.9,29826.155,8.2,869329.1836,12.3,17769.1308,-4.0
202007,75324.6079,3.4,0.0,0.0,55682.2924,4.1,10996.4548,0.7,8930.2618,-8.5,0.0,0.0,3261.8268,-2.1,6990.501,-4.5,9389.9877,7.6,42105.2716,3.0,3100.2128,-18.3,799.8922,-20.3,29319.2313,8.0,25599.7925,8.5,851129.9654,11.9,15994.2333,-4.4
202006,62780.2095,1.9,0.0,0.0,46350.4211,2.6,9265.4201,-0.4,7436.7033,-10.2,0.0,0.0,2727.4933,-3.1,5850.2884,-5.4,7852.0067,5.5,34961.092,1.8,2591.311,-20.0,676.12,-20.5,24551.6865,5.9,21404.5219,6.2,834887.5394,12.3,14028.6242,-5.1
202005,45919.5905,-0.3,0.0,0.0,33764.9687,0.0,6736.0077,-4.2,5538.6955,-12.3,0.0,0.0,2079.6022,-1.2,4327.7544,-6.9,5747.2652,3.8,25912.4098,-1.1,1950.4882,-22.2,519.7328,-21.1,17536.9597,4.9,15286.9327,5.4,805470.8136,11.8,11386.8866,-7.1
202004,33102.8406,-3.3,0.0,0.0,24237.8573,-2.8,4855.7757,-6.6,4028.4878,-15.2,0.0,0.0,1529.7814,-4.8,3144.9309,-10.4,4190.271,0.4,18814.2199,-4.5,1419.8251,-25.4,392.2478,-21.6,12476.5478,3.0,10826.5423,4.1,786510.8864,12.0,9396.6222,-9.6
202003,21962.6085,-7.7,0.0,0.0,16014.9023,-7.2,3157.3889,-13.6,2699.5504,-18.7,0.0,0.0,1035.9568,-10.8,2106.0786,-14.8,2805.6708,-3.7,12611.8455,-9.5,937.36,-31.0,257.4107,-27.0,8155.9923,-0.1,7003.462,1.0,766028.8331,12.5,7726.4935,-10.0
202002,10115.4174,-16.3,0.0,0.0,7318.2897,-16.0,1429.355,-23.7,1282.8769,-25.1,0.0,-100.0,549.9584,-17.8,978.9869,-25.6,1268.1824,-9.1,6394.4002,-16.3,462.885,-37.7,122.9595,-35.1,3135.1727,-10.9,2639.5984,-9.3,745155.9819,13.1,4896.0935,-18.1
202001,0.0,0.0,0.0,0.0,0.0,0.0,0.0,0.0,0.0,0.0,0.0,0.0,0.0,0.0,0.0,0.0,0.0,0.0,0.0,0.0,0.0,0.0,0.0,0.0,0.0,0.0,0.0,0.0,0.0,0.0,0.0,0.0
201912,132194.2649,9.9,0.0,0.0,97070.7449,13.9,19568.4891,-4.7,17288.3111,6.2,3875.7138,-12.3,6162.5969,2.8,13225.8547,-6.7,15735.0677,5.6,75248.1179,11.8,6714.3916,-22.6,1713.484,12.4,48518.2714,13.5,41675.3857,14.5,839883.1568,13.5,43009.5705,16.2
201911,121265.0472,10.2,0.0,0.0,89232.2818,14.4,17958.28,-4.9,15921.0552,7.3,3576.0804,-9.2,5555.6675,2.5,12117.3145,-7.3,14359.7834,5.8,68328.5126,11.1,6139.0104,-24.5,1574.4188,23.4,45223.1054,15.4,39300.2125,17.0,824596.783,13.4,28135.8649,8.4
201910,109603.4475,10.3,0.0,0.0,80666.1592,14.6,16213.3068,-5.3,14451.7548,8.2,3267.5428,-6.9,4987.7203,1.6,10987.113,-7.6,12962.455,6.6,61623.3075,10.9,5550.8255,-25.0,1437.5453,23.4,40991.7692,16.5,35650.9046,18.4,805890.7009,13.9,24150.6411,8.5
201909,98007.6669,10.5,0.0,0.0,72145.7178,14.9,14566.7801,-5.3,12978.3131,8.7,2940.5707,-5.3,4446.8295,0.8,9796.0542,-8.0,11619.0654,7.6,54934.0136,10.6,5006.3897,-24.6,1295.4681,22.9,36771.7955,17.5,32011.8722,19.6,790051.2867,14.0,20765.9673,4.0
201908,84589.0574,10.5,0.0,0.0,62186.7669,14.9,12554.3182,-6.2,11284.0603,9.6,2570.6503,-4.6,3860.5167,0.6,8455.8768,-9.4,10085.897,9.2,47458.4473,9.9,4364.3691,-24.9,1136.5538,21.6,31629.6872,19.0,27570.7343,21.9,773902.8827,14.6,18510.484,0.6
201907,72843.118,10.6,0.0,0.0,53466.2939,15.1,10920.6439,-5.5,9763.7925,10.1,2199.968,-4.4,3332.9651,-0.2,7318.4141,-9.0,8725.4449,8.3,40884.734,9.7,3796.4098,-24.3,1003.759,22.8,27158.2152,19.2,23603.8177,22.0,760490.2719,15.1,16734.3731,-0.1
201906,61609.3028,10.9,0.0,0.0,45166.8208,15.8,9301.679,-5.2,8281.3278,11.0,1899.0572,-4.3,2814.9599,-0.7,6183.3667,-9.8,7444.1554,8.6,34341.2975,9.4,3237.3086,-24.2,849.9796,22.0,23180.7171,20.9,20164.0514,24.2,743265.2815,15.1,14782.136,-1.2
201905,46074.8881,11.2,0.0,0.0,33780.1211,16.3,7032.9514,-4.5,6316.001,14.1,1535.7891,3.2,2105.6124,-3.6,4649.6321,-9.7,5539.5225,9.7,26197.479,8.9,2505.6531,-22.9,658.7468,22.3,16713.0092,23.0,14505.3154,27.2,720454.1976,15.2,12261.9687,-1.0
201904,34217.45,11.9,0.0,0.0,24925.2884,16.8,5197.3826,-5.5,4749.4103,16.4,1199.5193,8.9,1606.6484,-2.4,3510.355,-9.8,4175.1582,12.2,19703.5275,9.1,1902.5186,-23.0,500.4733,23.0,12110.9306,25.4,10401.3924,29.7,702147.8483,15.2,10395.0158,-0.6
201903,23802.9199,11.8,0.0,0.0,17255.8364,17.3,3652.7429,-4.7,3319.0323,15.6,902.1428,12.7,1161.7841,-2.6,2471.8389,-9.9,2913.4605,9.9,13928.8354,8.5,1358.149,-22.9,352.7897,19.5,8163.1458,27.5,6931.6375,32.6,681061.0074,14.4,8583.0516,-2.4
201902,12089.8397,11.6,0.0,0.0,8711.0106,18.0,1874.2346,-5.2,1712.9842,19.2,504.6749,12.4,668.7139,2.5,1315.2268,-9.0,1394.8884,3.0,7641.1169,9.4,742.5607,-18.8,189.3619,30.4,3516.8002,26.3,2911.1184,34.5,659119.2592,12.5,5980.5413,-2.2
201901,0.0,0.0,0.0,0.0,0.0,0.0,0.0,0.0,0.0,0.0,0.0,0.0,0.0,0.0,0.0,0.0,0.0,0.0,0.0,0.0,0.0,0.0,0.0,0.0,0.0,0.0,0.0,0.0,0.0,0.0,0.0,0.0
201812,120263.5146,9.5,0.0,0.0,85192.247,13.4,20539.081,-8.2,16275.5197,16.7,4419.0219,10.1,5996.3332,-11.3,14177.0915,-9.4,14897.8429,21.6,67318.839,-2.3,8673.1568,-10.5,1524.5832,-1.7,42746.9356,44.1,36387.009,57.0,740022.3296,12.7,37017.7236,-5.7
201811,110083.0033,9.7,0.0,0.0,78026.719,13.6,18883.641,-8.3,14841.993,16.7,3939.3523,7.9,5422.5527,-12.0,13066.0712,-9.4,13567.6604,21.9,61503.2387,-3.0,8132.2477,-8.7,1275.7273,-10.3,39171.7896,46.9,33590.3121,60.5,727134.5633,12.5,25943.6885,-11.2
201810,99324.9154,9.7,0.0,0.0,70369.9235,13.7,17127.3661,-8.3,13362.6325,16.6,3511.2948,7.2,4911.4916,-12.0,11886.2778,-9.2,12157.2225,21.5,55582.2742,-3.4,7403.1118,-8.3,1165.1892,-10.1,35174.3402,48.7,30116.0401,63.4,707735.1779,11.7,22260.4293,-12.6
201809,88665.0355,9.9,0.0,0.0,62806.3421,14.0,15375.8614,-8.2,11938.9963,17.7,3104.8855,7.3,4409.402,-11.4,10649.848,-9.1,10799.4434,22.1,49680.1121,-3.4,6642.7629,-8.0,1054.1585,-8.6,31288.002,50.3,26757.4642,66.0,692772.6206,11.6,19960.5771,-10.7
201808,76518.8414,10.1,0.0,0.0,54114.4379,14.1,13380.5165,-8.3,10294.4015,18.2,2695.7841,7.6,3837.7844,-10.4,9329.5727,-8.5,9237.0464,21.9,43182.985,-3.2,5812.6815,-7.3,934.9859,-7.0,26588.189,51.1,22623.143,66.9,675352.4458,10.9,18402.6881,-9.2
201807,65885.7066,10.2,0.0,0.0,46443.0413,14.2,11553.8586,-8.4,8867.2768,18.9,2302.2642,5.6,3339.6504,-9.9,8045.415,-8.9,8057.5999,23.3,37259.311,-3.5,5016.2421,-8.0,817.4904,-4.9,22792.6631,53.8,19353.3135,72.3,660778.2057,10.5,16755.9486,-9.5
201806,55530.962,9.7,0.0,0.0,38989.9407,13.6,9816.5593,-7.8,7461.9866,18.9,1984.3495,7.7,2833.9022,-10.3,6854.2963,-9.7,6852.8228,23.6,31387.7607,-4.6,4268.0994,-8.5,696.869,-2.7,19178.2329,55.6,16235.8962,74.4,645666.201,10.2,14962.5546,-8.9
201805,41420.2686,10.2,0.0,0.0,29037.2796,14.2,7366.6274,-6.9,5533.1283,19.0,1488.3598,6.9,2185.0731,-7.8,5149.632,-9.3,5048.2839,22.4,24045.949,-2.5,3249.5743,-7.0,538.7746,2.9,13585.9707,52.2,11400.7325,69.3,625427.4934,9.8,12381.6237,-7.8
201804,30591.9486,10.3,0.0,0.0,21331.3745,14.2,5497.2798,-5.8,4080.7427,17.9,1101.7847,3.9,1646.3173,-5.1,3893.424,-7.8,3720.8328,19.9,18060.5884,-1.4,2469.8696,-4.1,406.8601,5.9,9654.6305,49.4,8022.0083,66.9,609276.7582,9.0,10454.5873,-9.1
201803,21291.2911,10.4,0.0,0.0,14704.5938,13.3,3832.4325,-6.6,2871.0684,18.0,800.3748,4.8,1192.5067,-0.1,2742.9574,-6.5,2651.2332,21.5,12833.134,-0.5,1761.092,-3.1,295.1691,12.0,6401.896,48.6,5225.5193,67.8,595182.8925,8.8,8797.0212,-9.6
201802,10831.0878,9.9,0.0,0.0,7379.3818,12.3,1976.4068,-4.4,1437.4817,14.3,449.1865,9.4,652.5188,-0.2,1444.5987,-4.8,1354.5885,21.8,6986.4831,3.4,914.6259,-1.3,145.213,9.9,2784.7658,36.4,2164.6979,47.9,585841.5725,8.7,6116.0317,-15.3
201801,0.0,0.0,0.0,0.0,0.0,0.0,0.0,0.0,0.0,0.0,0.0,0.0,0.0,0.0,0.0,0.0,0.0,0.0,0.0,0.0,0.0,0.0,0.0,0.0,0.0,0.0,0.0,0.0,0.0,0.0,0.0,0.0
201712,109798.5288,7.0,0.0,0.0,75147.8799,9.4,22367.2801,-9.7,13949.1038,11.2,4015.4427,15.4,6761.3571,3.5,15639.8974,-1.2,12249.3944,6.5,68890.558,3.1,9687.1329,1.9,1550.7034,6.1,29670.1345,19.6,23169.471,23.4,656617.3813,11.7,39258.7686,-4.4
201711,100386.5483,7.5,0.0,0.0,68670.4815,9.7,20582.0258,-9.1,12718.4312,11.9,3651.0864,15.1,6162.4292,3.9,14421.9451,0.3,11131.6925,6.1,63393.7253,4.2,8906.6551,2.8,1421.8515,7.0,26664.3164,18.2,20927.6943,21.9,646603.959,11.4,29221.8211,-2.6
201710,90544.3579,7.8,0.0,0.0,61871.2295,9.9,18670.8696,-8.8,11465.0247,12.5,3275.5814,15.1,5583.1778,5.2,13087.6886,1.1,10002.262,6.1,57523.3369,5.0,8073.5849,4.0,1295.7611,8.5,23651.675,16.9,18427.9261,20.1,633504.7355,11.3,25465.0189,-0.3
201709,80644.4463,8.1,0.0,0.0,55109.284,10.4,16743.3489,-8.2,10145.6144,12.8,2893.9387,14.6,4978.392,5.4,11709.6122,1.4,8847.1581,5.3,51454.3141,5.4,7218.1305,4.6,1153.352,9.2,20818.6497,16.8,16123.6341,20.1,620760.3436,11.0,22345.0515,-0.8
201708,69493.8821,7.9,0.0,0.0,47440.0371,10.1,14589.4525,-7.5,8711.0291,12.4,2504.2516,15.0,4283.6323,4.8,10194.8413,2.4,7575.3714,4.2,44628.8345,5.8,6268.815,5.1,1005.0021,8.3,17591.2305,14.9,13555.3346,18.0,608883.6769,10.8,20258.0387,1.4
201707,59761.0771,7.9,0.0,0.0,40683.0281,10.0,12607.425,-7.7,7455.0745,12.5,2181.0353,14.9,3708.2559,4.7,8834.4518,3.0,6535.3413,4.3,38623.803,6.1,5453.4912,6.5,860.0392,5.3,14823.7437,13.8,11232.4545,16.1,597900.6284,10.8,18507.0307,2.3
201706,50610.2227,8.5,0.0,0.0,34318.2634,10.2,10652.6533,-7.7,6277.4417,13.6,1843.2792,15.5,3159.2939,4.8,7589.3525,5.0,5543.3129,5.9,32902.8877,6.6,4666.5184,8.5,716.4867,3.9,12324.3299,14.5,9308.602,17.5,586159.7299,10.8,16431.7497,5.2
201705,37594.6757,8.8,0.0,0.0,25422.937,10.0,7909.1935,-7.4,4651.5955,13.4,1392.7149,12.1,2370.5654,5.1,5677.9618,5.9,4123.2115,7.7,24650.91,6.6,3493.5,9.0,523.4651,2.2,8926.8006,15.6,6733.423,18.9,569543.7953,10.4,13429.2199,5.6
201704,27731.5764,9.3,0.0,0.0,18671.3157,10.6,5838.7447,-5.9,3461.9115,14.9,1060.1738,14.0,1735.676,1.1,4221.7814,7.8,3102.8033,8.6,18311.7896,7.2,2574.4669,8.8,384.2578,0.7,6461.0621,16.7,4807.4132,21.1,558811.1972,10.7,11504.121,11.3
201703,19291.9181,9.1,0.0,0.0,12981.0234,11.2,4104.7762,-3.6,2433.4125,17.3,763.7116,10.7,1194.2207,-3.8,2934.845,8.2,2181.829,6.3,12902.4332,7.9,1816.6167,9.7,263.4491,-0.3,4309.4191,13.4,3113.6167,16.6,546872.8786,10.4,9728.7125,14.7
201702,9854.3388,8.9,0.0,0.0,6571.073,9.0,2067.8448,-1.3,1257.1626,13.0,410.6227,3.3,654.0803,-0.6,1517.1212,11.8,1112.0643,10.1,6753.8492,7.9,926.5796,11.1,132.0753,2.3,2041.8347,11.6,1463.6348,15.2,538937.5317,10.9,7221.5849,16.4
201701,0.0,0.0,0.0,0.0,0.0,0.0,0.0,0.0,0.0,0.0,0.0,0.0,0.0,0.0,0.0,0.0,0.0,0.0,0.0,0.0,0.0,0.0,0.0,0.0,0.0,0.0,0.0,0.0,0.0,0.0,0.0,0.0
201612,102581.0,6.9,0.0,0.0,68704.0,6.4,24772.1811,0.5,12540.3962,13.7,3478.7431,-0.1,6533.0,5.2,15838.0,8.4,11506.6143,8.9,66793.3931,5.7,9508.7975,18.5,1461.5526,20.6,24816.8696,5.3,18778.6795,6.2,587857.2355,9.5,41079.5804,0.3
201611,93387.0808,6.5,0.0,0.0,62588.2347,6.0,22633.6354,0.2,11364.7576,12.1,3171.3516,0.1,5933.7524,5.0,14377.3943,7.7,10487.6994,8.9,60838.9232,5.6,8668.0647,18.9,1329.0094,20.4,22551.0835,4.0,17165.823,4.2,580253.014,9.1,29991.4701,0.1
201610,83974.6129,6.6,0.0,0.0,56293.7155,5.9,20480.0721,0.1,10193.6804,11.5,2846.641,-1.1,5308.3593,6.2,12941.152,7.8,9431.3861,9.1,54793.3533,5.6,7759.4742,19.5,1193.9914,21.6,20227.794,4.0,15337.7893,3.9,569312.0972,9.2,25553.1962,-1.0
201609,74597.5896,5.8,0.0,0.0,49930.8496999999,5.1,18248.2077,-0.8,8992.7674,9.9,2526.0924,-1.6,4721.7263,6.0,11542.7846,7.3,8402.229,7.4,48815.697,5.1,6897.8119,19.5,1056.1762,20.3,17827.9045,2.3,13422.0231,1.4,559222.3954,8.8,22522.1671999999,4.6
201608,64386.7376,5.4,0.0,0.0,43076.0585,4.8,15779.8743,-1.2,7748.4942,8.5,2178.423,-1.5,4085.6452,5.7,9954.2995,7.1,7270.7344,6.8,42179.2137,4.8,5966.7717,20.5,928.2875,22.2,15312.4647,1.4,11489.2942,-0.1,549589.3619,8.8,19987.6281,10.0
201607,55360.5005,5.3,0.0,0.0,36981.3242,4.5,13655.226,-0.9,6624.8013,6.3,1898.1495,-2.6,3541.1303,8.5,8573.1882,6.9,6264.8578,6.2,36393.4066,5.0,5119.4269,20.8,817.0155,25.1,13030.6515,0.2,9676.7597,-1.7,539663.2184,8.8,18088.5514,11.2
201606,46630.5204,6.1,0.0,0.0,31149.2733,5.6,11543.0944,0.1,5526.83,5.1,1596.4453,-4.3,3015.7767,10.1,7229.1864,7.8,5236.284,4.6,30872.9252,5.9,4301.6303,21.6,689.6578,24.3,10766.3071,0.5,7920.1439,-1.1,528786.4356,9.0,15616.6389,9.0
201605,34564.1056,7.0,0.0,0.0,23118.1805,6.8,8543.8298,1.0,4103.4516,4.5,1242.1187,-2.1,2256.0071,12.8,5361.4753,8.2,3828.4427,3.7,23122.7766,7.1,3205.7939,23.5,512.3359,23.8,7723.1992,0.4,5665.064,-0.3,516068.3583,9.3,12718.1493,9.3
201604,25375.6354,7.2,0.0,0.0,16887.3749,6.4,6203.608,0.5,3013.6817,3.4,929.9461,-0.8,1716.6723,15.4,3914.9422,7.6,2856.646,6.9,17089.6125,7.3,2367.1089,23.0,381.4128,22.7,5537.5012,0.5,3971.2276,0.2,504591.2094,9.3,10336.1764,8.9
201603,17676.6202,6.2,0.0,0.0,11669.5165,4.6,4258.7679,0.7,2074.8733,-0.5,689.634,-0.9,1241.9718,14.2,2712.2095,7.1,2052.9224,9.5,11955.9925,5.6,1655.382,21.6,264.3444,26.1,3800.9013,1.2,2671.2273,1.2,495339.3288,9.1,8482.5851,7.6
201602,9051.7908,3.0,0.0,0.0,6027.5237,1.8,2096.123,-0.2,1112.5559,-4.5,397.4575,-1.8,658.0526,16.1,1356.4526,2.7,1009.7619,3.4,6259.7933,0.2,834.0346,15.7,129.1099,16.6,1828.853,7.0,1270.1117,11.7,485887.9429,8.4,6202.3561,18.1
201601,0.0,0.0,0.0,0.0,0.0,0.0,0.0,0.0,0.0,0.0,0.0,0.0,0.0,0.0,0.0,0.0,0.0,0.0,0.0,0.0,0.0,0.0,0.0,0.0,0.0,0.0,0.0,0.0,0.0,0.0,0.0,0.0
201512,95978.8458,1.0,0.0,0.0,64595.2421,0.4,24646.1229,21.2,11030.2322,14.4,3481.3652,-9.5,6209.742,10.1,14607.4875,1.8,10566.3742,-1.2,63173.2775,0.1,8022.2946,7.7,1211.5201,-7.3,23571.7536,1.7,17675.4358,1.2,536853.7518,8.9,40937.8073,-0.8
201511,87702.3804,1.3,0.0,0.0,59069.179,0.7,22593.2645,21.6,10138.5279,15.3,3167.2436,-9.8,5651.5754,10.3,13354.4706,1.9,9627.1554,-0.8,57634.9812,0.3,7288.0258,7.6,1103.8521,-6.4,21675.5213,2.4,16470.7399,2.5,531759.5549,9.2,29956.0236,1.9
201510,78800.7363,2.0,0.0,0.0,53149.698,1.3,20469.0652,22.4,9144.7373,15.3,2878.6713,-7.1,5000.1375,10.7,12009.5802,2.8,8641.3206,1.0,51868.4674,0.4,6494.3667,7.4,982.1281,-7.2,19455.7741,5.5,14767.4483,6.4,521541.1143,9.6,25799.3092,1.7
201509,70535.0705,2.6,0.0,0.0,47505.1652,1.7,18392.0373,24.0,8180.3139,14.7,2566.3987,-8.4,4453.1056,11.1,10752.4847,4.0,7824.315,1.9,46462.7112,1.0,5770.8082,7.4,877.8744,-7.0,17423.6767,6.0,13236.6782,7.0,513885.7971,10.6,21878.5965,-4.3
201508,61062.5425,3.5,0.0,0.0,41097.9425,2.3,15967.8361,25.0,7144.3823,14.8,2212.4986,-9.8,3864.666,14.2,9290.592,5.4,6809.342,2.9,40248.8118,1.6,4950.9558,7.3,759.7811,-5.5,15102.9938,8.4,11501.6543,10.0,505090.8019,11.2,18164.9698,-10.6
201507,52562.2224,4.3,0.0,0.0,35380.1798,3.0,13782.082,26.3,6232.6816,16.3,1949.67,-6.7,3264.0876,13.5,8020.6729,7.6,5897.2821,3.7,34669.8238,1.8,4236.1893,7.1,652.9938,-5.1,13003.2155,11.2,9845.5352,14.0,495957.2715,12.2,16259.8047,-8.4
201506,43954.9507,4.6,0.0,0.0,29505.6702,2.8,11532.7272,26.6,5261.0049,17.1,1667.4902,-4.2,2738.6179,14.4,6705.3113,8.6,5005.3513,5.1,29153.2267,2.2,3538.2827,6.8,554.6886,-4.7,10708.7527,11.7,8008.072,15.1,485284.7621,12.9,14325.125,-8.8
201505,32291.8358,5.1,0.0,0.0,21644.5542,2.9,8457.3718,28.5,3927.4995,15.2,1268.6192,-3.0,1999.3678,12.8,4954.9811,11.9,3692.9327,5.6,21585.8818,2.2,2596.8191,7.6,413.7462,-2.3,7695.3887,13.6,5681.6216,18.4,472361.5498,13.4,11640.785,-6.6
201504,23669.0414,6.0,0.0,0.0,15870.1354,3.7,6173.1548,29.2,2913.6061,12.5,937.4278,-6.8,1487.6258,13.6,3638.4174,13.9,2672.8628,6.1,15925.1675,3.2,1924.5813,8.2,310.7806,-2.7,5508.512,15.1,3964.5347,22.4,461728.9244,13.7,9487.845,-0.9
201503,16650.6352,8.5,0.0,0.0,11156.219,5.9,4229.6451,28.7,2086.1831,14.2,695.5484,-5.7,1087.9284,20.6,2531.5824,17.2,1874.9054,7.4,11323.7743,5.4,1361.5364,11.9,209.6294,-6.6,3755.6951,19.0,2640.6559,28.7,454033.4283,14.3,7886.7707,2.0
201502,8786.3579,10.4,0.0,0.0,5921.9386,9.1,2100.0988,25.6,1164.8504,14.0,404.5496,-0.8,566.8982,14.9,1321.1984,18.2,976.3227,6.3,6244.5072,8.8,721.1663,16.2,110.7518,-9.3,1709.9326,16.2,1136.8954,33.3,448430.1927,14.2,5253.0512,7.7
201501,0.0,0.0,0.0,0.0,0.0,0.0,0.0,0.0,0.0,0.0,0.0,0.0,0.0,0.0,0.0,0.0,0.0,0.0,0.0,0.0,0.0,0.0,0.0,0.0,0.0,0.0,0.0,0.0,0.0,0.0,0.0,0.0
201412,95035.6144,10.5,0.0,-100.0,64352.1513,9.2,20334.9064,4.6,9643.1246,-7.8,3844.718,5.7,5641.189,21.3,14346.2517,20.1,10696.0224,2.2,63115.1638,9.3,7445.9503,21.0,1306.9081,4.6,23167.5922,11.1,17458.5288,29.3,493066.495,14.4,41251.0312,10.3
201411,86601.3622,11.9,0.0,-100.0,58675.5369,10.5,18585.7988,6.1,8791.5662,-7.0,3509.8872,6.7,5124.1953,24.6,13099.5204,22.0,9702.1096,2.7,57489.0979,10.1,6772.394,21.8,1179.2772,4.7,21160.5931,14.4,16076.3831,34.4,486760.05,15.6,29408.1911,14.1
201410,77220.2749,12.4,0.0,-100.0,52464.2126,11.1,16719.36,7.1,7933.6834,-7.0,3098.7559,5.6,4516.567,23.8,11686.882,23.4,8552.6133,2.4,51670.4353,11.2,6048.8979,22.3,1058.5716,5.5,18442.3701,13.4,13879.0688,32.0,475783.6066,18.4,25364.2457,13.8
201409,68751.214,12.5,0.0,-100.0,46724.736,11.3,14829.4091,7.0,7131.8246,-6.6,2801.9732,7.4,4007.7708,22.8,10341.5383,22.8,7677.1689,3.0,46005.8642,11.8,5370.7204,22.9,944.1162,5.7,16430.5132,11.8,12371.0295,30.5,464686.6851,17.1,22860.5402,14.0
201408,58974.5072,13.2,0.0,-100.0,40159.3218,12.4,12778.3952,8.2,6224.1401,-4.7,2452.6829,9.8,3383.7389,18.7,8812.6469,22.9,6618.7996,4.0,39628.4786,12.8,4612.4567,23.1,803.7935,5.2,13929.7784,11.6,10455.7787,30.9,454225.2342,17.2,20317.6069,14.6
201407,50381.2456,13.7,0.0,-100.0,34365.4669,13.3,10913.9529,8.8,5356.8468,-5.0,2090.4182,9.6,2876.2117,19.3,7453.2495,22.3,5686.3175,3.8,34047.4281,14.1,3954.1773,23.8,688.0152,4.3,11691.625,10.2,8633.9476,28.9,442123.7882,16.4,17756.8506,12.0
201406,42018.6179,14.1,0.0,0.0,28689.2112,13.7,9108.1088,9.7,4492.761,-6.2,1740.517,8.6,2394.3486,19.0,6171.8526,23.2,4763.2055,4.0,28539.4391,15.3,3311.4633,23.6,581.9172,7.4,9585.7983,8.4,6955.7244,26.0,429979.11,15.6,15700.416,15.6
201405,30738.5794,14.7,0.0,0.0,21043.0337,14.6,6581.4294,12.0,3408.8156,-5.1,1307.1844,5.1,1772.5939,16.2,4427.3361,23.6,3495.6157,5.1,21125.5181,16.5,2412.9728,20.5,423.5854,5.9,6776.5031,8.1,4797.0929,24.8,416572.4026,16.4,12463.7421,11.8
201404,22321.5559,16.4,0.0,0.0,15298.7619,16.6,4776.4251,14.6,2589.7201,-1.9,1006.2602,5.5,1309.41,18.9,3194.065,25.4,2519.319,4.5,15435.8984,18.1,1778.3429,20.6,319.4205,11.9,4787.8941,10.1,3238.479,27.0,406157.2148,16.9,9570.3626,3.7
201403,15339.2433,16.8,0.0,0.0,10530.49,16.8,3286.7501,16.0,1826.3504,-3.1,737.787,7.8,902.3144,20.8,2160.0547,25.5,1746.3842,5.7,10742.7289,18.7,1217.1835,18.6,224.4433,15.5,3154.8876,10.3,2051.9455,28.5,397152.5482,17.0,7734.1489,-0.1
201402,7955.9833,19.3,0.0,-100.0,5426.2946,18.4,1671.8452,17.5,1021.5788,-0.4,407.9709,-2.3,493.5283,27.1,1117.3553,26.4,918.8051,12.8,5741.8013,19.6,620.3619,17.7,122.1679,25.7,1471.6522,18.3,853.1013,35.8,392647.8184,14.7,4876.9451,-15.6
201401,0.0,0.0,0.0,0.0,0.0,0.0,0.0,0.0,0.0,0.0,0.0,0.0,0.0,0.0,0.0,0.0,0.0,0.0,0.0,0.0,0.0,0.0,0.0,0.0,0.0,0.0,0.0,0.0,0.0,0.0,0.0,0.0
201312,86013.3826,19.8,1115.9702,-0.3,58950.7627,19.4,19446.2774,15.8,10456.2234,6.6,3637.9004,5.5,4652.447,38.2,11944.8308,28.3,10465.3421,7.3,57764.2302,22.7,6155.0171,23.9,1250.0312,22.6,20844.1041,11.2,13501.7292,11.6,430922.1521,20.1,45977.1685,37.1
201311,77412.1641,19.5,994.894,5.9,53112.4936,19.1,17522.1041,15.9,9455.7013,7.7,3289.0934,5.9,4112.6586,36.0,10739.0483,27.6,9447.9636,8.3,52227.947,23.5,5558.7122,24.6,1126.4354,23.9,18499.0695,8.1,11963.568,6.8,421196.3416,19.9,34342.1468,47.4
201310,68693.182,19.2,874.7294,6.6,47222.4792,18.9,15611.4354,16.5,8534.9438,8.5,2933.1069,5.5,3649.4095,36.9,9467.7856,26.9,8353.5077,7.1,46472.7969,23.6,4947.4329,25.5,1003.6403,25.5,16269.3119,6.4,10516.3576,5.2,401801.0674,17.8,22292.2877,10.2
201309,61119.5474,19.7,779.9393,9.6,41979.1846,19.5,13857.2205,17.4,7639.8601,9.9,2609.8037,5.1,3262.4598,37.6,8424.6975,27.9,7453.2055,7.1,41159.3055,24.1,4370.8847,26.5,893.2782,25.8,14696.079,7.1,9477.9648,5.3,396815.1462,18.7,20045.3356,13.6
201308,52119.7659,19.3,669.3632,8.2,35738.4575,19.2,11804.8199,18.3,6530.68,8.7,2234.3675,2.8,2850.8263,40.0,7168.4785,26.5,6362.0036,6.1,35130.6618,24.3,3746.7352,26.5,764.0103,21.6,12478.3586,5.5,7986.0682,2.7,387580.4888,18.5,17734.9757,13.5
201307,44301.575,20.5,570.1067,14.7,30318.1029,20.2,10027.0243,19.6,5636.9548,10.1,1908.1639,2.1,2411.8063,40.2,6093.7724,29.5,5477.8934,7.0,29835.7117,25.9,3193.1265,27.4,659.7685,27.2,10612.9683,5.6,6697.1563,2.0,379987.3219,20.5,15856.1254,16.8
201306,36827.9353,20.3,478.549,18.2,25227.1361,20.8,8301.7081,20.3,4789.1089,13.8,1602.9253,2.5,2011.3075,42.8,5010.3649,26.1,4579.1268,5.3,24759.872,26.3,2680.1683,27.7,541.9847,20.9,8845.9103,4.6,5520.7269,0.9,371990.9374,19.6,13585.6836,17.2
201305,26797.9733,20.6,364.9974,21.2,18363.3177,21.6,5877.182,18.9,3593.8682,14.9,1244.1053,8.5,1526.0951,41.0,3582.133,24.1,3326.4275,5.7,18128.0486,26.8,2002.5405,28.6,399.9402,21.5,6267.444,4.0,3844.5146,0.9,358009.088,18.3,11145.3222,16.2
201304,19180.1411,21.1,273.0356,18.3,13120.6514,21.3,4169.5727,19.1,2638.5942,14.1,953.6923,13.6,1101.5933,48.6,2546.9081,22.7,2410.9883,9.6,13070.2909,27.0,1474.8745,31.5,285.34,20.3,4349.6357,4.0,2550.3787,-1.4,347495.294,19.4,9231.2029,14.6
201303,13132.5735,20.2,195.6078,14.1,9012.6228,21.1,2833.0445,19.4,1884.7124,14.3,684.6135,12.9,746.8521,44.1,1720.8662,21.2,1652.2324,6.9,9050.6336,28.8,1026.355,29.9,194.3441,11.9,2861.2408,-2.5,1596.4677,-13.4,339384.6204,19.8,7744.7673,16.4
201302,6669.7035,22.8,107.9182,8.4,4583.0883,23.4,1422.4954,24.7,1026.018,15.4,417.3837,16.4,388.3203,53.3,883.8214,22.4,814.4735,9.7,4801.6304,32.9,526.8662,33.8,97.1606,28.5,1244.0463,-7.8,628.2557,-25.6,342436.9648,24.4,5778.3687,36.7
201301,0.0,0.0,0.0,0.0,0.0,0.0,0.0,0.0,0.0,0.0,0.0,0.0,0.0,0.0,0.0,0.0,0.0,0.0,0.0,0.0,0.0,0.0,0.0,0.0,0.0,0.0,0.0,0.0,0.0,0.0,0.0,0.0
201212,71803.7869,16.2,1119.4442,-3.3,49374.2137,11.4,16789.4948,21.9,9806.3612,4.6,3448.3745,0.7,3366.6129,31.6,9312.0012,25.4,9750.9591,30.1,47067.2142,14.7,4969.0459,47.4,1019.3941,24.9,18748.1327,13.1,12100.1507,5.0,358823.2734,23.7,33541.4178,15.5
201211,64772.4006,16.7,939.4608,2.6,44606.4686,11.9,15114.15,24.0,8782.0356,8.5,3104.926,-0.2,3024.2371,32.7,8416.6044,27.3,8725.0905,29.6,42287.8441,14.6,4462.9478,53.6,908.982,28.3,17112.6267,14.2,11203.3016,6.9,351185.7036,23.1,23304.1556,25.1
201210,57628.7504,15.4,820.4473,-4.5,39704.1169,10.8,13396.179,21.9,7865.0366,9.3,2779.8328,0.5,2665.9659,31.4,7458.0221,25.8,7800.6455,27.2,37590.2266,13.5,3942.0501,52.9,799.7643,25.7,15296.7094,12.5,9994.3582,6.1,341183.2973,22.8,20222.6413,27.2
201209,51045.9254,15.4,711.5674,-3.9,35126.1655,10.5,11805.2884,21.9,6951.3356,8.0,2483.2123,1.2,2371.4726,36.1,6589.1519,25.3,6959.1354,28.0,33165.4303,13.6,3454.9286,52.0,710.0943,26.1,13715.4722,12.4,9000.3419,6.6,334215.1044,22.4,17644.2159,25.3
201208,43687.8797,15.6,618.3665,-2.8,29989.6098,10.6,9976.8917,21.6,6010.3012,8.9,2173.1475,2.9,2035.8418,35.0,5667.137,25.7,5995.2911,29.0,28269.3959,13.5,2961.3987,48.4,628.272,39.5,11828.8131,13.5,7776.4043,7.5,327135.3585,23.6,15625.9901,25.9
201207,36774.4761,15.4,497.1712,-9.4,25226.4497,10.7,8382.5205,22.5,5117.6367,10.5,1868.1734,4.1,1720.7004,33.8,4706.9511,23.6,5120.3749,28.3,23702.1647,12.9,2506.6009,49.0,518.6505,33.2,10047.06,14.1,6565.0957,8.6,315341.7889,22.6,13571.0698,26.7
201206,30609.8286,16.6,404.8648,-14.9,20878.5739,12.0,6903.618,24.3,4209.0062,10.8,1563.5107,4.6,1408.7473,31.9,3974.6042,26.3,4347.9032,28.1,19608.0378,14.1,2098.2417,51.7,448.2274,33.7,8455.3217,15.1,5474.1277,9.1,310930.7389,24.5,11592.2786,28.4
201205,22212.9252,18.5,301.0507,-5.1,15097.6541,13.6,4945.0265,26.1,3127.1407,12.1,1146.4835,1.9,1082.3717,44.7,2886.6731,31.6,3146.2263,25.6,14300.4885,16.8,1557.6823,51.0,329.0709,60.1,6025.6835,14.7,3809.088,6.7,302649.8845,27.2,9589.4035,33.2
201204,15835.1867,18.7,230.7371,-1.8,10818.2739,13.9,3501.5937,26.7,2312.9178,13.4,839.2893,1.3,741.237,37.1,2075.2853,34.2,2200.3905,25.3,10295.4009,18.0,1121.4421,47.6,237.2564,66.8,4181.0873,12.6,2586.6977,3.7,290952.7857,27.9,8058.0795,39.8
201203,10927.1652,23.5,171.4067,11.1,7443.0749,19.0,2372.7268,31.6,1648.7565,19.0,606.1661,-0.4,518.2586,43.4,1420.0949,34.2,1545.7368,31.7,7027.598,20.2,790.1318,50.9,173.6566,94.8,2935.7788,22.9,1844.4487,18.6,283344.6646,29.4,6654.4082,53.5
201202,5431.4591,27.8,99.5297,26.2,3713.4323,23.2,1140.7109,26.7,889.1109,26.7,358.5348,12.6,253.2624,31.0,722.0565,42.5,742.7079,38.4,3613.2902,21.9,393.8495,40.8,75.6158,81.3,1348.7036,39.9,844.0223,20.4,275336.3959,33.5,4226.8369,66.3
201201,0.0,0.0,0.0,0.0,0.0,0.0,0.0,0.0,0.0,0.0,0.0,0.0,0.0,0.0,0.0,0.0,0.0,0.0,0.0,0.0,0.0,0.0,0.0,0.0,0.0,0.0,0.0,0.0,0.0,0.0,0.0,0.0
201112,61739.78,27.9,1090.0596,-4.3,44308.4328,30.2,13637.335,28.0,9062.0365,35.0,3408.1716,20.4,2543.5328,40.7,7370.2134,30.5,7517.6052,10.9,41153.1203,34.7,3341.2381,32.7,818.889,46.7,16426.5368,12.2,11412.8201,14.1,290339.2029,29.7,28081.6613,25.5
201111,55483.034,29.9,915.2434,0.2,39856.6389,32.8,12184.2664,31.5,8094.2905,39.2,3111.4532,24.2,2278.3788,41.0,6613.5703,35.0,6734.446,9.3,36885.3482,36.7,2905.2509,33.6,708.6068,50.9,14983.8281,14.7,10477.7228,17.3,285338.1757,31.7,18635.785,32.0
201110,49922.8248,31.1,858.7287,9.5,35832.1168,34.3,10992.4132,33.6,7194.8906,38.4,2766.4604,26.6,2029.293,40.2,5927.2625,35.5,6134.1525,10.2,33105.8381,37.9,2578.4947,33.8,636.0001,54.8,13602.4919,16.0,9423.3165,17.7,277948.5704,31.7,15899.1673,29.8
201109,44224.8376,32.0,740.5354,10.4,31787.769,35.2,9682.4484,33.4,6438.1169,42.4,2454.6137,25.9,1741.9476,34.0,5259.3665,36.1,5435.7545,12.5,29183.6888,38.3,2272.3376,33.6,563.1066,54.6,12205.7046,18.0,8442.3657,18.7,272952.5026,33.8,14078.3987,31.6
201108,37780.8359,33.2,636.0999,9.2,27117.9761,36.4,8206.2573,34.1,5521.4447,44.3,2112.0429,26.7,1507.625,33.0,4508.6063,37.0,4646.6285,14.6,24912.7329,39.3,1995.5957,37.6,450.3647,43.2,10422.1426,19.7,7232.5333,20.2,264631.9861,34.9,12414.8199,31.2
201107,31873.0297,33.6,548.6213,11.8,22789.3754,36.4,6840.4933,32.8,4631.4671,44.6,1794.7257,28.5,1285.9844,30.9,3806.8899,37.0,3990.78,17.6,20997.7105,39.7,1682.4032,37.4,389.2395,43.4,8803.6765,19.9,6044.5874,19.6,257255.9578,35.5,10707.5354,26.7
201106,26250.4486,32.9,475.5117,18.3,18640.667,36.1,5555.4373,31.1,3800.2658,44.5,1495.4141,34.1,1067.9192,26.2,3147.4889,38.6,3394.3735,15.5,17187.1429,39.0,1383.447,37.0,335.2148,50.0,7344.6439,19.5,5015.7246,18.8,249841.4493,35.8,9027.1628,23.5
201105,18737.2269,34.6,317.1459,4.3,13290.4084,37.8,3920.0551,31.7,2790.2959,46.6,1125.5392,32.4,748.1404,26.5,2193.133,36.0,2505.5451,21.0,12245.6664,39.5,1031.4929,40.1,205.5657,26.8,5254.5019,23.9,3571.3491,21.8,237915.0913,37.5,7201.3742,25.4
201104,13340.1553,34.3,235.0745,6.0,9497.3126,38.6,2764.6319,32.2,2039.7594,47.2,828.8918,32.9,540.6157,21.0,1546.6373,34.7,1755.5897,18.4,8723.7309,37.2,759.8276,38.7,142.244,17.7,3714.3528,28.0,2493.799,30.4,227489.4007,37.6,5764.954,26.0
201103,8846.356,34.1,154.2925,-4.3,6253.1267,37.4,1802.4174,25.4,1386.0038,49.4,608.8362,36.2,361.4171,19.1,1058.205,40.2,1173.6072,19.2,5845.3875,37.2,523.5676,39.0,89.1267,7.2,2388.2742,27.4,1555.4471,29.3,218960.4646,39.5,4335.8337,22.7
201102,4250.3744,35.2,78.8817,-7.2,3013.6961,34.9,900.6298,33.2,701.5889,44.1,318.3556,32.7,193.3116,29.6,506.6308,36.7,536.7359,37.4,2964.7643,37.7,279.6237,40.7,41.7114,10.7,964.275,27.9,529.5949,16.7,206283.0237,42.7,2542.4108,16.8
201101,0.0,0.0,0.0,0.0,0.0,0.0,0.0,0.0,0.0,0.0,0.0,0.0,0.0,0.0,0.0,0.0,0.0,0.0,0.0,0.0,0.0,0.0,0.0,0.0,0.0,0.0,0.0,0.0,0.0,0.0,0.0,0.0
201012,48267.0716,33.2,1112.5644,7.3,34038.141,32.9,10665.2881,27.4,6697.5181,29.6,2827.3883,36.4,1806.5465,31.2,5598.8444,33.9,6823.5397,34.6,30566.4684,28.3,2518.8154,25.3,554.0458,22.0,14627.742,47.0,9992.1149,65.9,224030.3839,33.9,21654.894,16.2
201011,42697.3327,36.5,913.3793,5.8,30021.6278,34.2,9268.3001,27.6,5816.1544,30.7,2505.4733,45.2,1616.395,34.1,4898.0183,34.3,6161.2916,52.1,26984.4437,28.3,2174.62,27.2,469.5647,24.4,13068.7043,60.3,8930.6867,77.9,216650.3946,37.4,14119.2295,21.3
201010,38069.5185,36.5,784.2211,0.6,26682.9241,33.8,8229.3659,27.0,5198.2925,31.2,2185.5932,44.5,1446.9271,33.4,4375.255,33.9,5564.4123,55.2,24000.8615,27.6,1927.0631,27.4,410.7983,22.7,11730.7956,62.1,8006.3993,79.2,210977.4377,39.2,12246.6124,21.9
201009,33511.2506,36.4,670.94,-2.3,23512.0526,33.8,7256.84,27.3,4521.9,30.5,1949.25,45.9,1300.3215,36.0,3865.339,33.3,4833.5375,54.6,21106.5,27.0,1701.1,28.3,364.2144,24.1,10339.4418,63.6,7110.72,83.7,204033.16,38.8,10701.002,19.6
201008,28355.0452,36.7,582.47,0.2,19876.18,33.9,6118.66,27.1,3825.43,31.3,1666.64,46.4,1133.5,40.8,3291.41,34.3,4054.04,53.6,17886.73,27.3,1449.8,28.5,314.45,28.4,8704.07,63.6,6017.01,84.3,196230.45,38.2,9463.69,20.0
201007,23864.7727,37.2,490.69,-0.6,16708.8013,34.5,5149.82,27.9,3202.41,31.4,1396.24,45.4,982.6166,48.4,2778.8054,35.3,3394.5494,50.9,15025.86,27.1,1224.82,31.6,271.4192,31.6,7342.6742,65.5,5054.31,88.2,189882.02,37.8,8453.7073,22.4
201006,19747.1182,38.1,401.97,-3.0,13692.29,34.4,4237.67,29.2,2630.84,33.5,1115.25,41.0,845.91,59.7,2271.21,34.5,2937.71,55.5,12365.72,27.9,1009.92,34.5,223.45,35.0,6148.03,65.7,4220.72,84.0,183999.85,37.9,7309.75,30.8
201005,13917.4147,38.2,304.2,2.4,9643.18,35.7,2975.62,33.0,1903.07,34.3,850.09,46.1,591.48,53.0,1612.02,35.0,2070.73,49.8,8777.55,28.8,736.08,38.5,162.15,42.8,4241.64,62.8,2931.45,89.7,173021.56,38.8,5742.69,31.1
201004,9932.0518,36.2,221.79,0.0,6854.4829,34.0,2091.82,32.1,1385.72,33.2,623.77,40.8,446.8767,54.2,1148.1242,32.1,1482.568,45.8,6360.71,29.7,547.65,41.6,120.8452,43.1,2902.8493,51.6,1911.76,66.0,165280.26,39.5,4576.8706,30.5
201003,6594.4476,35.1,161.16,3.2,4551.831,33.0,1437.73,40.7,927.49,32.5,447.1,42.4,303.3705,43.6,754.7102,30.6,984.5359,47.1,4259.88,29.6,376.54,45.6,83.1368,33.1,1874.8825,47.4,1203.05,56.5,156926.95,41.9,3533.5649,29.5
201002,3143.6435,31.1,85.01,-1.1,2233.4163,32.8,676.36,40.1,486.81,33.3,239.96,41.2,149.1642,32.2,370.5579,30.4,390.5051,22.5,2153.07,28.7,198.75,48.6,37.6889,26.9,754.1334,34.4,453.93,36.3,144565.08,37.6,2177.1974,26.4
201001,0.0,0.0,0.0,0.0,0.0,0.0,0.0,0.0,0.0,0.0,0.0,0.0,0.0,0.0,0.0,0.0,0.0,0.0,0.0,0.0,0.0,0.0,0.0,0.0,0.0,0.0,0.0,0.0,0.0,0.0,0.0,0.0
200912,36231.7115,16.1,1030.97,-13.9,25618.7415,14.2,8351.01,24.1,5162.42,20.0,2072.18,2.0,1378.0364,18.1,4171.5819,24.4,5063.3517,19.4,23821.02,18.3,2005.1,34.0,450.477,-0.8,9955.1127,9.3,6039.26,0.7,167447.88,19.6,18031.3013,16.5
200911,31270.9248,17.8,863.49,5.2,22368.99,15.7,7265.74,32.9,4450.2,33.6,1725.93,0.3,1204.98,30.5,3646.66,35.3,4050.29,12.7,21031.96,20.6,1709.56,48.3,377.38,7.4,8152.03,7.3,5020.22,-1.7,157720.29,23.5,11638.69,33.1
200910,27886.58,16.6,779.19,6.3,19948.53,14.1,6479.13,31.5,3962.21,36.7,1512.16,-1.3,1084.63,33.1,3268.63,35.2,3584.78,12.0,18803.26,19.5,1512.74,48.6,334.83,6.0,7235.75,5.7,4467.92,-2.4,151560.15,22.0,10043.22,31.5
200909,24560.0,15.4,686.93,5.6,17578.45,13.3,5700.88,31.9,3464.39,37.9,1336.41,-0.5,955.87,33.3,2900.19,34.5,3125.49,7.9,16621.19,18.9,1325.39,48.6,293.43,6.2,6319.98,3.2,3871.5,-5.9,147047.05,21.2,8948.96,35.2
200908,20740.94,12.5,581.14,2.0,14844.68,10.9,4812.89,30.4,2913.3,31.1,1138.36,-2.7,805.06,28.9,2451.38,31.8,2639.81,3.1,14047.61,16.5,1128.61,46.2,244.82,3.7,5319.9,-0.9,3264.07,-10.3,141975.26,20.2,7883.41,36.6
200907,17392.3,9.5,493.48,0.1,12426.22,8.2,4026.84,29.6,2436.65,28.5,960.43,-4.7,662.09,24.0,2054.18,28.2,2249.81,-0.5,11819.1,15.1,930.42,43.5,206.25,4.3,4436.53,-6.9,2684.94,-17.4,137834.81,19.7,6906.71,36.0
200906,14295.41,8.3,414.28,-0.1,10187.86,7.3,3280.0,30.7,1970.49,28.6,790.74,-5.3,529.72,20.4,1689.12,27.4,1888.71,-2.3,9668.78,14.5,750.71,39.2,165.48,0.7,3710.45,-8.3,2293.61,-17.6,133390.58,19.0,5590.47,34.2
200905,10067.22,5.8,297.0,-4.6,7104.59,4.4,2236.58,30.6,1417.19,25.7,581.76,-9.1,386.68,16.6,1193.86,24.0,1382.09,-2.6,6816.05,12.4,531.45,35.3,113.56,-2.6,2606.16,-11.5,1545.11,-22.5,124659.51,19.1,4379.25,36.6
200904,7289.9807,4.9,221.73,-3.9,5114.09,3.4,1583.47,33.9,1040.53,29.4,442.89,-7.7,289.88,20.9,869.23,23.2,1016.79,-4.3,4903.36,12.3,386.85,34.9,84.47,-0.6,1915.3,-13.5,1151.34,-23.4,118469.04,19.8,3505.91,35.1
200903,4880.2946,4.1,156.1,-3.4,3421.7415,3.2,1021.94,34.7,699.78,32.3,313.99,-5.8,211.2172,27.9,577.8763,19.0,669.4596,-7.1,3287.25,12.2,258.67,28.8,62.4608,6.1,1271.9141,-15.1,768.75,-23.5,110591.07,21.6,2728.635,36.9
200902,2398.15,1.0,85.97,2.0,1682.35,0.8,482.67,27.2,364.82,0.0,169.91,-6.6,112.83,17.9,284.26,13.4,318.7,-11.0,1673.48,10.6,133.76,32.1,29.7,3.7,561.2,-23.2,333.01,-31.2,94375.53,22.9,1722.5,44.5
200901,0.0,0.0,0.0,0.0,0.0,0.0,0.0,0.0,0.0,0.0,0.0,0.0,0.0,0.0,0.0,0.0,0.0,0.0,0.0,0.0,0.0,0.0,0.0,0.0,0.0,0.0,0.0,0.0,0.0,0.0,0.0,0.0
200812,30579.8184,20.9,1061.09,8.7,22081.2643,22.6,6415.57,50.7,3723.32,0.0,1976.86,9.4,1111.5753,7.4,3200.2125,14.9,4186.7663,20.9,19947.78,23.7,1392.4,29.6,423.0045,24.2,8816.6285,13.9,5794.79,10.9,135296.51,29.3,14064.5155,11.5
200811,26545.7346,22.7,820.45,12.6,19332.66,25.2,5466.11,62.7,3331.89,0.0,1720.04,7.1,923.15,0.0,2695.44,16.1,3594.49,22.0,17445.64,24.7,1152.86,32.1,351.37,30.7,7595.85,16.9,4910.81,21.1,127704.36,29.9,8747.58,22.0
200810,23917.705,24.6,733.06,12.8,17482.351,27.4,4928.05,67.3,2899.1,0.0,1532.3,6.7,815.178,-1.5,2418.2452,16.7,3201.9308,24.8,15736.16,26.4,1018.06,31.7,315.7896,33.9,6847.6999,19.5,4413.23,23.6,124252.05,25.0,7637.5499,26.3
200809,21277.6904,26.5,650.67,15.4,15508.3072,28.7,4323.2,69.1,2512.48,0.0,1343.11,6.3,717.1311,-1.4,2156.7445,16.8,2895.5076,32.3,13982.75,27.5,891.75,33.0,276.3805,33.6,6126.8142,23.3,3961.4,27.2,121342.74,32.0,6617.5295,25.5
200808,18429.9692,29.1,569.56,20.2,13384.8008,31.7,3690.27,74.6,2221.85,0.0,1170.05,10.3,624.3353,0.1,1860.5728,17.4,2560.2603,34.3,12055.17,30.2,771.99,35.3,236.1879,37.1,5366.6274,25.4,3496.08,28.6,118159.86,33.2,5773.1145,26.8
200807,15883.5356,30.9,492.92,22.0,11486.1722,33.7,3107.6,77.9,1895.7,0.0,1008.26,17.5,534.0806,0.7,1602.8294,19.2,2260.4534,35.7,10271.35,31.7,648.19,36.1,197.6993,33.8,4766.301,28.5,3120.77,31.1,115159.34,33.4,5078.2364,28.0
200806,13195.6654,33.5,414.74,25.7,9497.0869,36.6,2508.82,85.1,1531.91,0.0,834.71,20.0,440.113,0.1,1325.9482,20.7,1932.5173,38.6,8446.64,33.5,539.21,38.7,164.3779,40.7,4045.4458,32.5,2668.05,39.2,112066.28,33.8,4165.4273,24.3
200805,9519.2778,31.9,311.39,26.5,6806.2598,35.0,1712.59,86.0,1127.44,0.0,640.07,24.6,331.5034,-3.2,963.0403,21.7,1418.4743,36.6,6064.12,31.9,392.68,35.6,116.6057,29.9,2945.878,31.7,1895.25,36.0,104694.34,34.1,3204.8094,27.0
200804,6952.0757,32.1,230.83,30.9,4944.3754,35.2,1182.3,88.4,804.26,0.0,480.01,24.6,239.6858,-5.5,705.576,20.8,1062.4385,38.2,4365.93,31.3,286.85,34.3,84.946,28.0,2214.3569,33.5,1425.15,35.8,98885.54,33.8,2594.8808,27.6
200803,4687.7494,32.3,161.6,33.5,3316.4838,34.7,758.46,91.5,528.96,0.0,333.18,23.6,165.1645,11.2,485.5072,20.9,720.5939,35.5,2930.73,30.1,200.9,37.3,58.8526,38.0,1497.2746,35.8,949.55,36.3,90927.44,26.3,1992.6561,34.4
200802,2373.7209,32.9,84.26,45.9,1669.4507,30.7,379.48,86.4,277.72,0.0,181.96,18.9,95.6952,13.0,250.6391,28.0,357.9359,57.2,1513.25,26.9,101.25,47.3,28.6494,28.7,730.5649,45.4,450.86,49.2,76763.83,20.0,1191.8544,26.2
200801,0.0,0.0,0.0,0.0,0.0,0.0,0.0,0.0,0.0,0.0,0.0,0.0,0.0,0.0,0.0,0.0,0.0,0.0,0.0,0.0,0.0,0.0,0.0,0.0,0.0,0.0,0.0,0.0,0.0,0.0,0.0,0.0
200712,25279.65,30.2,966.5,42.5,18010.25,32.1,4198.31,0.0,0.0,0.0,1881.34,30.2,1036.95,11.7,2775.56,17.9,3456.89,38.1,16125.65,29.1,1065.11,23.6,341.22,26.4,7747.66,33.6,4866.04,27.6,104351.53,28.9,12114.38,12.9
200711,21631.88,31.8,728.56,44.1,15439.89,33.7,3359.97,0.0,0.0,0.0,1606.06,33.5,922.81,21.4,2322.03,19.0,2947.15,36.8,13994.52,30.8,873.01,23.0,268.89,29.8,6495.46,35.4,4056.2,32.7,98327.62,28.4,7172.53,18.8
200710,19192.21,31.4,649.87,48.4,13725.78,33.7,2945.89,0.0,0.0,0.0,1436.72,36.8,827.77,22.0,2072.16,19.3,2566.5,33.2,12453.33,30.5,772.83,25.4,235.81,28.8,5730.24,34.2,3570.0,32.0,99363.58,31.8,6045.09,18.2
200709,16814.05,30.3,563.6,52.6,12049.99,32.8,2556.27,0.0,0.0,0.0,1263.86,35.6,727.62,25.7,1847.27,19.9,2189.17,28.3,10968.11,30.5,670.67,24.7,206.84,33.6,4968.42,30.6,3115.51,29.4,91901.55,24.9,5273.99,21.8
200708,14276.75,29.0,473.83,52.4,10160.69,30.9,2113.96,0.0,0.0,0.0,1061.09,31.5,623.88,24.9,1585.18,20.3,1907.0,28.5,9255.91,28.9,570.49,24.3,172.31,28.1,4278.03,30.1,2717.68,30.5,88699.56,25.9,4553.82,20.7
200707,12134.72,28.9,404.2,58.0,8593.71,30.7,1746.63,0.0,0.0,0.0,857.91,24.2,530.21,28.3,1344.83,19.4,1665.97,28.5,7800.51,28.5,476.23,21.3,147.74,34.6,3710.24,30.7,2380.31,34.8,86349.15,26.1,3966.55,21.2
200706,9887.23,28.5,329.98,61.5,6954.87,30.8,1355.32,0.0,0.0,0.0,695.62,23.1,439.73,27.0,1098.81,17.1,1393.82,27.6,6329.08,28.7,388.65,19.0,116.85,28.8,3052.65,29.4,1916.23,28.6,83763.73,24.2,3350.64,26.3
200705,7214.36,27.5,246.19,67.6,5042.26,29.5,920.8,0.0,0.0,0.0,513.68,22.5,342.32,30.0,791.65,13.8,1038.13,28.8,4598.12,26.6,289.56,20.1,89.76,35.0,2236.93,30.2,1393.07,29.5,78045.18,22.0,2524.11,22.9
200704,5264.61,27.4,176.31,56.3,3657.93,29.0,627.69,0.0,0.0,0.0,385.35,18.7,253.62,38.3,584.18,15.3,768.88,27.0,3326.03,27.0,213.59,20.5,66.35,34.9,1658.65,29.1,1049.12,31.8,73882.63,22.9,2032.95,23.0
200703,3543.78,26.9,121.09,61.8,2461.97,30.4,396.11,0.0,0.0,0.0,269.6,16.6,148.5,23.0,401.53,17.7,531.78,20.0,2252.58,30.1,146.32,23.8,42.65,29.6,1102.23,21.1,696.88,18.1,72003.87,29.3,1483.14,25.0
200702,1785.66,24.3,57.77,42.9,1277.43,29.9,203.6,0.0,0.0,0.0,153.06,3.1,84.66,19.5,195.85,12.7,227.72,9.5,1192.09,31.8,68.74,19.3,22.26,34.7,502.57,9.8,302.16,0.8,63963.46,40.7,944.16,24.5
200701,0.0,0.0,0.0,0.0,0.0,0.0,0.0,0.0,0.0,0.0,0.0,0.0,0.0,0.0,0.0,0.0,0.0,0.0,0.0,0.0,0.0,0.0,0.0,0.0,0.0,0.0,0.0,0.0,0.0,0.0,0.0,0.0
200612,19382.46,21.8,679.41,0.0,13611.62,25.3,0.0,0.0,0.0,0.0,1423.36,0.0,923.16,21.0,2345.38,15.0,2502.29,11.4,12479.83,21.9,864.06,19.3,267.43,12.6,5771.14,22.5,3782.78,30.2,80715.13,24.0,10236.28,5.2
200611,16415.73,24.0,505.7,0.0,11549.53,28.4,0.0,0.0,0.0,0.0,1202.79,0.0,759.89,20.2,1951.82,16.4,2154.49,11.2,10700.49,24.0,709.78,24.1,207.22,18.5,4798.24,24.3,3055.69,29.2,76551.27,27.9,6038.02,18.1
200610,14610.55,24.1,437.82,0.0,10268.48,28.4,0.0,0.0,0.0,0.0,1050.09,0.0,678.33,20.6,1736.26,16.1,1927.48,12.6,9542.45,24.4,616.43,23.5,183.13,22.4,4268.53,23.8,2705.42,27.0,75391.72,30.4,5114.84,20.4
200609,12902.4,24.3,369.43,0.0,9076.35,29.5,0.0,0.0,0.0,0.0,932.14,0.0,578.86,15.8,1541.3,16.9,1705.88,10.1,8406.13,25.1,537.74,22.5,154.77,14.5,3803.76,23.3,2406.8,26.3,73586.39,30.8,4329.29,18.1
200608,11063.07,24.0,310.9,0.0,7761.93,29.2,0.0,0.0,0.0,0.0,807.02,0.0,499.58,16.2,1317.48,15.8,1484.08,10.5,7180.66,24.8,459.1,21.5,134.54,19.1,3288.77,22.9,2081.78,24.3,70424.52,29.3,3773.26,20.2
200607,9411.47,24.0,255.88,0.0,6575.41,29.2,0.0,0.0,0.0,0.0,690.54,0.0,413.39,13.6,1126.66,15.6,1296.02,11.8,6071.13,24.8,392.68,23.8,109.76,16.0,2837.9,22.8,1765.52,21.5,68472.39,30.5,3273.44,24.5
200606,7694.59,24.2,204.29,0.0,5317.92,28.2,0.0,0.0,0.0,0.0,565.19,0.0,346.18,16.3,938.24,20.7,1092.25,12.5,4918.33,24.7,326.49,26.8,90.71,18.3,2359.06,23.2,1489.79,23.9,67462.74,35.3,2653.46,32.9
200605,5657.68,21.8,146.89,0.0,3892.28,25.4,0.0,0.0,0.0,0.0,419.35,0.0,263.42,13.5,695.92,20.8,806.06,10.1,3631.53,23.6,241.09,24.9,66.49,19.6,1718.56,18.0,1075.92,16.2,63973.71,22.3,2052.98,38.0
200604,4130.91,21.3,112.8,0.0,2835.33,25.6,0.0,0.0,0.0,0.0,324.6,0.0,183.35,5.5,506.67,21.3,605.57,8.8,2619.81,22.5,177.24,27.3,49.17,23.5,1284.69,18.2,795.88,14.6,60128.27,20.3,1653.34,48.4
200603,2792.68,20.2,74.83,0.0,1887.54,23.1,0.0,0.0,0.0,0.0,231.22,0.0,120.74,1.2,341.17,20.9,443.23,13.9,1731.06,20.2,118.22,27.9,32.91,23.6,910.49,19.0,590.29,18.2,55672.95,22.3,1186.66,49.1
200602,1436.39,19.7,40.44,0.0,983.73,22.5,0.0,0.0,0.0,0.0,148.52,0.0,70.85,6.6,173.81,25.5,208.0,8.5,904.67,21.8,57.62,31.9,16.52,28.5,457.58,14.3,299.75,16.7,45456.6,40.9,758.6,67.3
200601,0.0,0.0,0.0,0.0,0.0,0.0,0.0,0.0,0.0,0.0,0.0,0.0,0.0,0.0,0.0,0.0,0.0,0.0,0.0,0.0,0.0,0.0,0.0,0.0,0.0,0.0,0.0,0.0,0.0,0.0,0.0,0.0
200512,15759.3,19.8,0.0,0.0,10768.19,21.9,0.0,0.0,0.0,0.0,0.0,0.0,739.62,13.4,1999.87,16.0,2251.62,15.7,10159.73,23.1,711.86,24.7,225.37,16.8,4662.35,12.6,2904.3,12.8,64742.72,28.0,8779.78,27.8
200511,13239.98,22.2,0.0,0.0,8993.15,22.3,0.0,0.0,0.0,0.0,0.0,0.0,632.29,21.4,1676.96,22.0,1937.59,22.6,8632.83,23.4,572.12,26.6,174.9,18.7,3860.13,19.2,2365.41,18.8,59847.35,30.4,5111.75,30.8
200510,11769.35,21.6,0.0,0.0,7998.82,21.9,0.0,0.0,0.0,0.0,0.0,0.0,562.61,18.1,1496.06,22.7,1711.86,20.6,7673.14,23.8,499.15,24.5,149.63,-16.6,3447.44,19.0,2130.18,21.1,57835.1,28.1,4248.31,24.4
200509,10377.57,22.2,0.0,0.0,7009.86,21.5,0.0,0.0,0.0,0.0,0.0,0.0,499.98,19.6,1318.17,23.9,1549.55,25.1,6719.02,22.5,439.02,26.7,135.15,16.8,3084.38,21.2,1905.52,23.6,56236.89,28.0,3665.81,25.2
200508,8920.12,22.3,0.0,0.0,6009.8,21.5,0.0,0.0,0.0,0.0,0.0,0.0,429.93,19.3,1137.34,23.4,1343.06,25.7,5754.12,22.5,377.97,25.8,112.92,14.6,2675.11,21.7,1675.37,25.2,54478.43,28.0,3140.33,27.6
200507,7586.99,23.5,0.0,0.0,5089.03,22.2,0.0,0.0,0.0,0.0,0.0,0.0,363.98,19.2,974.67,26.2,1159.32,28.8,4863.92,23.6,317.27,26.0,94.66,18.9,2311.15,23.2,1453.51,28.5,52485.31,29.0,2628.9,25.9
200506,6193.06,23.5,0.0,0.0,4147.12,21.3,0.0,0.0,0.0,0.0,0.0,0.0,297.68,19.1,777.58,23.8,970.68,35.1,3944.07,21.9,257.57,28.6,76.67,19.9,1914.74,26.5,1202.38,31.3,49853.31,28.6,1997.05,17.3
200505,4644.15,24.3,0.0,0.0,3103.93,21.8,0.0,0.0,0.0,0.0,0.0,0.0,232.07,20.6,576.16,25.5,731.99,36.8,2939.1,24.0,193.04,25.6,55.58,15.6,1456.44,25.3,926.29,33.6,52316.68,43.5,1487.77,14.0
200504,3405.32,25.9,0.0,0.0,2256.79,24.0,0.0,0.0,0.0,0.0,0.0,0.0,173.87,25.0,417.86,24.6,556.8,35.8,2139.08,25.2,139.24,24.4,39.82,9.8,1087.2,28.1,694.2,34.3,49990.18,47.7,1113.83,15.6
200503,2323.57,26.7,0.0,0.0,1532.86,26.6,0.0,0.0,0.0,0.0,0.0,0.0,119.3,23.8,282.29,21.7,389.12,31.5,1439.61,28.8,92.45,23.3,26.62,3.1,764.88,24.2,499.24,30.1,45513.54,49.0,796.09,9.7
200502,1199.65,27.0,0.0,0.0,802.87,26.7,0.0,0.0,0.0,0.0,0.0,0.0,66.48,31.2,138.51,19.7,191.79,32.4,742.79,30.4,43.67,17.7,12.86,30.8,400.33,21.9,256.88,18.9,32254.45,16.9,453.31,13.4
200501,0.0,0.0,0.0,0.0,0.0,0.0,0.0,0.0,0.0,0.0,0.0,0.0,0.0,0.0,0.0,0.0,0.0,0.0,0.0,0.0,0.0,0.0,0.0,0.0,0.0,0.0,0.0,0.0,0.0,0.0,0.0,0.0
200412,13158.25,28.1,0.0,0.0,8836.95,28.7,0.0,0.0,0.0,0.0,0.0,0.0,652.2,28.3,1723.72,31.4,1945.38,22.8,8254.54,29.4,570.73,28.5,192.93,36.8,4140.04,25.3,2574.47,25.2,50570.39,32.5,6871.01,5.4
200411,10738.32,29.2,0.0,0.0,7283.66,28.7,0.0,0.0,0.0,0.0,0.0,0.0,519.52,29.7,1370.21,33.2,1564.93,28.1,6923.68,30.3,449.03,35.3,147.2,38.5,3218.41,25.7,1983.25,24.1,45847.78,34.3,3911.46,30.3
200410,9526.44,28.9,0.0,0.0,6460.96,27.9,0.0,0.0,0.0,0.0,0.0,0.0,464.9,33.8,1211.52,34.7,1389.05,27.1,6143.82,30.8,398.62,33.9,130.3,34.5,2853.7,24.1,1742.45,22.3,44752.11,35.3,3385.8,31.9
200409,8356.77,28.3,0.0,0.0,5683.92,27.4,0.0,0.0,0.0,0.0,0.0,0.0,406.4,32.0,1057.62,35.1,1208.84,26.1,5392.59,31.3,344.21,33.5,114.01,35.7,2505.96,21.5,1526.35,19.9,43500.07,35.1,2900.26,31.3
200408,7184.59,28.8,0.0,0.0,4876.94,27.7,0.0,0.0,0.0,0.0,0.0,0.0,350.09,30.9,915.23,37.0,1042.34,26.1,4627.1,31.2,298.23,36.1,96.97,35.5,2162.29,22.6,1326.18,22.9,42140.81,35.2,2441.19,35.1
200407,6055.26,28.6,0.0,0.0,4110.93,28.1,0.0,0.0,0.0,0.0,0.0,0.0,296.91,31.5,766.1,35.6,881.32,24.2,3888.56,32.0,250.61,35.7,78.7,36.2,1837.4,20.8,1121.7,22.8,40339.36,33.1,2071.1,36.1
200406,4923.69,28.7,0.0,0.0,3362.35,29.7,0.0,0.0,0.0,0.0,0.0,0.0,245.04,38.3,614.21,33.6,702.1,18.0,3177.13,33.7,198.99,31.7,62.98,31.7,1484.59,18.9,903.95,20.4,38459.75,33.3,1692.89,39.4
200405,3703.21,32.0,0.0,0.0,2521.01,32.2,0.0,0.0,0.0,0.0,0.0,0.0,192.17,42.9,457.95,38.7,532.08,22.4,2362.54,35.3,153.3,34.8,48.03,39.0,1139.33,25.1,691.07,26.1,36451.56,35.6,1304.69,47.7
200404,2686.23,34.6,0.0,0.0,1814.63,32.2,0.0,0.0,0.0,0.0,0.0,0.0,138.88,53.6,334.8,48.6,397.91,29.7,1690.95,36.9,111.44,45.2,36.22,46.8,847.62,28.7,515.18,33.1,33831.54,36.6,963.78,48.3
200403,1820.4,41.1,0.0,0.0,1203.02,35.9,0.0,0.0,0.0,0.0,0.0,0.0,94.27,68.0,228.88,61.0,294.22,42.7,1109.4,40.2,73.84,47.8,25.69,78.0,611.47,40.8,383.09,45.2,30549.64,36.7,725.75,47.8
200402,944.81,50.2,0.0,0.0,633.49,46.4,0.0,0.0,0.0,0.0,0.0,0.0,50.67,95.6,115.75,64.9,144.9,44.5,569.42,48.9,37.11,37.1,9.83,40.4,328.44,54.5,216.02,60.9,27586.66,61.1,399.75,69.6
200401,0.0,0.0,0.0,0.0,0.0,0.0,0.0,0.0,0.0,0.0,0.0,0.0,0.0,0.0,0.0,0.0,0.0,0.0,0.0,0.0,0.0,0.0,0.0,0.0,0.0,0.0,0.0,0.0,0.0,0.0,0.0,0.0
200312,10106.12,29.7166445041151,0.0,0.0,6782.41,28.6,0.0,0.0,0.0,0.0,0.0,0.0,508.64,34.2,1277.48,37.6,1537.59,32.0,6286.08,30.6,438.13,26.1,144.04,3.8,3237.87,32.3,2045.59,40.2,38830.22,20.7,6030.46,23.0
200311,8284.81,32.4550226145958,0.0,0.0,5646.78,27.5,0.0,0.0,0.0,0.0,0.0,0.0,400.58,41.5,1018.49,42.5,1218.96,47.1,5287.95,30.9,331.62,25.8,105.84,15.6,2559.4,37.6,1597.56,46.7,34134.69,20.1,2991.58,24.9
200310,7367.08,31.2563917088623,0.0,0.0,5036.0,26.1,0.0,0.0,0.0,0.0,0.0,0.0,347.47,36.7,894.7,42.3,1088.92,47.6,4675.4,29.5,297.63,25.3,96.86,17.6,2297.19,36.5,1424.62,49.0,33061.22,19.5,2556.09,30.1
200309,6495.01,32.8445669826024,0.0,0.0,4453.1,28.0,0.0,0.0,0.0,0.0,0.0,0.0,307.93,39.8,781.11,44.6,952.87,46.6,4092.36,29.6,257.85,27.3,84.04,23.2,2060.76,41.2,1272.17,52.6,32179.03,19.4,2202.91,33.4
200308,5566.48,33.110147159398,0.0,0.0,3814.27,28.2,0.0,0.0,0.0,0.0,0.0,0.0,267.47,42.9,666.24,45.7,818.5,45.7,3514.16,30.6,219.17,28.8,71.55,25.0,1761.59,39.4,1079.38,50.7,31170.01,22.2,1800.4,29.3
200307,4697.89,34.1,0.0,0.0,3199.72,28.3,0.0,0.0,0.0,0.0,0.0,0.0,225.78,39.7,563.27,49.5,709.11,50.4,2936.58,30.3,184.68,29.2,57.76,22.0,1518.86,43.5,913.55,56.6,30316.03,22.9,1517.17,38.7
200306,3816.81,33.9842735282761,0.0,0.0,2586.79,28.0,0.0,0.0,0.0,0.0,0.0,0.0,177.21,27.9,458.57,50.0,594.25,55.1,2369.86,29.2,151.04,29.6,47.81,25.3,1248.1,45.2,750.93,60.4,28846.62,22.5,1196.46,44.4
200305,2801.37,32.872144645974,0.0,0.0,1902.94,27.1,0.0,0.0,0.0,0.0,0.0,0.0,134.49,28.6,330.24,48.5,433.7,52.4,1743.65,29.6,113.46,31.5,34.57,23.4,909.7,40.3,548.04,54.5,26876.04,21.8,880.78,47.4
200304,1980.34,33.5414784145009,0.0,0.0,1359.02,30.8,0.0,0.0,0.0,0.0,0.0,0.0,90.42,19.9,225.04,47.8,305.86,41.4,1222.82,30.5,76.34,34.0,24.37,31.1,656.8,39.2,386.72,55.0,24755.38,19.1,649.99,64.8
200303,1285.1,34.9398855462802,0.0,0.0,882.36,35.7,0.0,0.0,0.0,0.0,0.0,0.0,55.99,14.8,141.54,38.2,205.2,37.8,788.21,31.1,49.67,25.1,14.37,7.0,432.85,48.3,263.79,65.3,22339.94,21.4,486.37,76.7
200302,598.26,37.0,0.0,0.0,411.03,35.4,0.0,0.0,0.0,0.0,0.0,0.0,24.69,26.8,67.01,64.2,95.53,31.3,363.15,36.4,25.67,42.9,6.68,4.1,202.75,48.8,132.49,64.3,17116.51,25.8,234.65,113.4
200301,0.0,0.0,0.0,0.0,0.0,0.0,0.0,0.0,0.0,0.0,0.0,0.0,0.0,0.0,0.0,0.0,0.0,0.0,0.0,0.0,0.0,0.0,0.0,0.0,0.0,0.0,0.0,0.0,0.0,0.0,0.0,0.0
200212,7736.42,21.9,0.0,0.0,5267.35,23.1,0.0,0.0,0.0,0.0,0.0,0.0,379.04,19.2,928.14,28.8,1161.9,25.2,4803.26,20.1,347.33,27.9,138.73,11.7,2447.1,32.3,1445.81,39.2,32163.7,26.7,4900.93,24.3
200211,6228.07,28.2,0.0,0.0,4405.57,29.6,0.0,0.0,0.0,0.0,0.0,0.0,283.0,22.7,714.08,33.6,825.42,19.3,4016.22,24.1,263.45,42.3,91.55,18.9,1856.84,36.6,1087.14,48.2,28408.91,27.3,2394.41,43.8
200210,5587.95,29.8,0.0,0.0,3971.75,32.5,0.0,0.0,0.0,0.0,0.0,0.0,254.1,22.8,628.19,32.9,733.91,16.8,3588.6,25.9,237.25,45.4,82.32,24.7,1679.79,37.1,954.36,47.0,27648.99,27.3,1962.7,40.8
200209,4862.69,29.4,0.0,0.0,3458.22,32.8,0.0,0.0,0.0,0.0,0.0,0.0,220.19,20.9,538.98,30.3,645.3,15.4,3136.9,26.2,202.2,43.4,68.17,26.0,1455.43,35.1,832.76,47.2,26927.71,26.9,1649.79,37.6
200208,4143.7,30.0,0.0,0.0,2948.05,34.2,0.0,0.0,0.0,0.0,0.0,0.0,186.46,18.2,453.7,29.9,555.48,14.6,2662.39,27.0,169.44,43.8,57.1,25.0,1254.77,35.3,715.42,44.9,25498.51,24.2,1389.78,39.2
200207,3466.78,30.7,0.0,0.0,2464.96,35.4,0.0,0.0,0.0,0.0,0.0,0.0,160.8,18.3,374.26,29.5,466.77,14.7,2227.68,27.9,142.12,45.7,47.19,33.7,1049.8,35.2,582.03,40.5,24645.58,23.4,1093.08,38.2
200206,2821.28,32.9,0.0,0.0,1999.71,37.2,0.0,0.0,0.0,0.0,0.0,0.0,137.5,21.3,303.47,35.4,380.6,16.4,1813.51,29.7,115.53,50.5,37.91,43.5,854.33,37.5,466.35,38.7,23526.2,23.9,828.11,27.0
200205,2097.87,36.7,0.0,0.0,1488.36,40.8,0.0,0.0,0.0,0.0,0.0,0.0,104.54,29.4,221.67,34.9,283.3,21.6,1337.04,32.1,86.15,44.8,27.91,38.0,646.77,46.0,354.37,54.4,22037.26,22.8,595.37,27.4
200204,1467.47,38.8,0.0,0.0,1027.82,42.4,0.0,0.0,0.0,0.0,0.0,0.0,75.01,30.5,151.28,32.6,213.36,30.3,925.96,33.3,56.45,43.8,18.39,24.7,466.68,51.2,249.51,53.7,20762.91,22.8,394.46,11.8
200203,922.35,36.2,0.0,0.0,631.14,36.8,0.0,0.0,0.0,0.0,0.0,0.0,47.11,24.6,99.54,38.7,144.56,36.0,585.61,32.2,38.2,52.2,12.28,37.4,286.26,42.9,158.79,47.6,18273.59,18.0,273.34,16.9
200202,416.58,30.2,0.0,0.0,287.08,32.5,0.0,0.0,0.0,0.0,0.0,0.0,19.07,-7.4,39.86,22.4,70.57,41.0,256.4,26.5,17.96,11.2,6.42,52.3,135.8,40.1,80.62,68.8,13606.49,19.4,109.94,4.6
200201,0.0,0.0,0.0,0.0,0.0,0.0,0.0,0.0,0.0,0.0,0.0,0.0,0.0,0.0,0.0,0.0,0.0,0.0,0.0,0.0,0.0,0.0,0.0,0.0,0.0,0.0,0.0,0.0,0.0,0.0,0.0,0.0
200112,6245.48,25.3,0.0,0.0,4278.74,28.9,0.0,0.0,0.0,0.0,0.0,0.0,318.0,8.7,720.8,31.6,927.94,24.9,0.0,0.0,0.0,0.0,0.0,0.0,0.0,0.0,0.0,0.0,25376.02,22.5,3942.36,31.4
200111,4857.16,29.7,0.0,0.0,3400.14,30.5,0.0,0.0,0.0,0.0,0.0,0.0,230.67,-3.3,534.53,35.8,691.82,36.5,0.0,0.0,0.0,0.0,0.0,0.0,0.0,0.0,0.0,0.0,22320.89,1.6,1664.79,28.7
200110,4305.74,31.2,0.0,0.0,2997.92,31.9,0.0,0.0,0.0,0.0,0.0,0.0,206.92,-4.3,472.64,35.1,628.26,41.3,0.0,0.0,0.0,0.0,0.0,0.0,0.0,0.0,0.0,0.0,21712.44,25.4,1393.8,33.2
200109,3758.82,31.4,0.0,0.0,2604.01,31.8,0.0,0.0,0.0,0.0,0.0,0.0,182.07,-6.1,413.65,35.4,559.1,45.3,0.0,0.0,0.0,0.0,0.0,0.0,0.0,0.0,0.0,0.0,21225.9,27.4,1199.06,34.8
200108,3187.93,32.1,0.0,0.0,2196.54,31.7,0.0,0.0,0.0,0.0,0.0,0.0,157.69,-5.1,349.18,37.7,484.52,48.9,0.0,0.0,0.0,0.0,0.0,0.0,0.0,0.0,0.0,0.0,20536.51,27.5,998.41,36.1
200107,2651.75,31.6,0.0,0.0,1820.09,30.2,0.0,0.0,0.0,0.0,0.0,0.0,135.9,-3.5,288.94,36.6,406.81,53.6,0.0,0.0,0.0,0.0,0.0,0.0,0.0,0.0,0.0,0.0,19973.21,27.2,790.7,25.1
200106,2122.5,28.2,0.0,0.0,1457.98,29.5,0.0,0.0,0.0,0.0,0.0,0.0,113.38,-0.9,224.16,35.7,326.98,50.3,0.0,0.0,0.0,0.0,0.0,0.0,0.0,0.0,0.0,0.0,18992.26,26.8,651.9,39.5
200105,1534.85,26.5,0.0,0.0,1056.75,30.7,0.0,0.0,0.0,0.0,0.0,0.0,80.81,-4.3,164.34,38.5,232.95,41.5,0.0,0.0,0.0,0.0,0.0,0.0,0.0,0.0,0.0,0.0,17943.96,27.3,467.42,60.9
200104,1057.25,22.8,0.0,0.0,721.95,27.3,0.0,0.0,0.0,0.0,0.0,0.0,57.48,-4.3,114.06,35.9,163.77,32.4,0.0,0.0,0.0,0.0,0.0,0.0,0.0,0.0,0.0,0.0,16910.26,27.4,352.84,78.3
200103,677.2,22.9,0.0,0.0,461.32,28.6,0.0,0.0,0.0,0.0,0.0,0.0,37.8,-0.9,71.78,29.3,106.31,29.5,0.0,0.0,0.0,0.0,0.0,0.0,0.0,0.0,0.0,0.0,15480.49,27.8,233.85,86.3
200102,319.93,23.0,0.0,0.0,216.73,31.0,0.0,0.0,0.0,0.0,0.0,0.0,20.59,15.3,32.56,24.2,50.05,36.8,0.0,0.0,0.0,0.0,0.0,0.0,0.0,0.0,0.0,0.0,11396.85,26.9,105.14,55.4
200101,0.0,0.0,0.0,0.0,0.0,0.0,0.0,0.0,0.0,0.0,0.0,0.0,0.0,0.0,0.0,0.0,0.0,0.0,0.0,0.0,0.0,0.0,0.0,0.0,0.0,0.0,0.0,0.0,0.0,0.0,0.0,0.0
200012,4901.73,19.5,0.0,0.0,3318.74,25.8,0.0,0.0,0.0,0.0,0.0,0.0,292.57,-12.9,547.75,19.3,742.68,28.6,0.0,0.0,0.0,0.0,0.0,0.0,0.0,0.0,0.0,0.0,24702.42,33.5,3000.56,14.8
200011,3744.28,24.1,0.0,0.0,2605.45,29.2,0.0,0.0,0.0,0.0,0.0,0.0,238.57,-7.4,393.58,16.4,506.68,25.3,0.0,0.0,0.0,0.0,0.0,0.0,0.0,0.0,0.0,0.0,21968.83,37.9,1293.09,19.2
200010,3282.65,24.6,0.0,0.0,2272.17,29.2,0.0,0.0,0.0,0.0,0.0,0.0,216.27,-3.0,349.73,17.2,444.48,25.4,0.0,0.0,0.0,0.0,0.0,0.0,0.0,0.0,0.0,0.0,21317.25,34.2,1046.22,14.4
200009,2860.6,25.0,0.0,0.0,1976.31,29.8,0.0,0.0,0.0,0.0,0.0,0.0,193.81,-2.1,305.59,16.5,384.82,26.3,0.0,0.0,0.0,0.0,0.0,0.0,0.0,0.0,0.0,0.0,0.0,0.0,0.0,0.0
200008,2413.38,24.3,0.0,0.0,1668.16,29.0,0.0,0.0,0.0,0.0,0.0,0.0,166.17,-3.5,253.67,17.7,325.38,24.9,0.0,0.0,0.0,0.0,0.0,0.0,0.0,0.0,0.0,0.0,0.0,0.0,0.0,0.0
200007,2014.55,24.1,0.0,0.0,1397.42,29.5,0.0,0.0,0.0,0.0,0.0,0.0,140.79,-3.2,211.54,17.5,264.8,20.9,0.0,0.0,0.0,0.0,0.0,0.0,0.0,0.0,0.0,0.0,0.0,0.0,0.0,0.0
200006,1622.6,22.4,0.0,0.0,1125.54,28.8,0.0,0.0,0.0,0.0,0.0,0.0,114.37,-6.2,165.17,12.9,217.52,18.7,0.0,0.0,0.0,0.0,0.0,0.0,0.0,0.0,0.0,0.0,0.0,0.0,0.0,0.0
200005,1175.89,20.8,0.0,0.0,808.23,26.6,0.0,0.0,0.0,0.0,0.0,0.0,84.44,-10.1,118.65,11.5,164.58,22.4,0.0,0.0,0.0,0.0,0.0,0.0,0.0,0.0,0.0,0.0,0.0,0.0,0.0,0.0
200004,834.81,20.8,0.0,0.0,567.12,24.6,0.0,0.0,0.0,0.0,0.0,0.0,60.08,-11.9,83.94,12.9,123.66,32.4,0.0,0.0,0.0,0.0,0.0,0.0,0.0,0.0,0.0,0.0,0.0,0.0,0.0,0.0
200003,534.5,20.4,0.0,0.0,358.75,23.1,0.0,0.0,0.0,0.0,0.0,0.0,38.16,-17.4,55.53,12.2,82.07,44.2,0.0,0.0,0.0,0.0,0.0,0.0,0.0,0.0,0.0,0.0,0.0,0.0,0.0,0.0
200002,246.04,19.8,0.0,0.0,165.39,33.0,0.0,0.0,0.0,0.0,0.0,0.0,17.86,-4.9,26.21,-1.8,36.58,2.9,0.0,0.0,0.0,0.0,0.0,0.0,0.0,0.0,0.0,0.0,0.0,0.0,0.0,0.0
200001,0.0,0.0,0.0,0.0,0.0,0.0,0.0,0.0,0.0,0.0,0.0,0.0,0.0,0.0,0.0,0.0,0.0,0.0,0.0,0.0,0.0,0.0,0.0,0.0,0.0,0.0,0.0,0.0,0.0,0.0,0.0,0.0
199912,0.0,0.0,0.0,0.0,0.0,0.0,0.0,0.0,0.0,0.0,0.0,0.0,0.0,0.0,0.0,0.0,0.0,0.0,0.0,0.0,0.0,0.0,0.0,0.0,0.0,0.0,0.0,0.0,0.0,0.0,0.0,0.0
199911,0.0,0.0,0.0,0.0,0.0,0.0,0.0,0.0,0.0,0.0,0.0,0.0,0.0,0.0,0.0,0.0,0.0,0.0,0.0,0.0,0.0,0.0,0.0,0.0,0.0,0.0,0.0,0.0,0.0,0.0,0.0,0.0
199910,0.0,0.0,0.0,0.0,0.0,0.0,0.0,0.0,0.0,0.0,0.0,0.0,0.0,0.0,0.0,0.0,0.0,0.0,0.0,0.0,0.0,0.0,0.0,0.0,0.0,0.0,0.0,0.0,0.0,0.0,0.0,0.0
199909,0.0,0.0,0.0,0.0,0.0,0.0,0.0,0.0,0.0,0.0,0.0,0.0,0.0,0.0,0.0,0.0,0.0,0.0,0.0,0.0,0.0,0.0,0.0,0.0,0.0,0.0,0.0,0.0,0.0,0.0,0.0,0.0
199908,0.0,0.0,0.0,0.0,0.0,0.0,0.0,0.0,0.0,0.0,0.0,0.0,0.0,0.0,0.0,0.0,0.0,0.0,0.0,0.0,0.0,0.0,0.0,0.0,0.0,0.0,0.0,0.0,0.0,0.0,0.0,0.0
199907,0.0,0.0,0.0,0.0,0.0,0.0,0.0,0.0,0.0,0.0,0.0,0.0,0.0,0.0,0.0,0.0,0.0,0.0,0.0,0.0,0.0,0.0,0.0,0.0,0.0,0.0,0.0,0.0,0.0,0.0,0.0,0.0
199906,0.0,0.0,0.0,0.0,0.0,0.0,0.0,0.0,0.0,0.0,0.0,0.0,0.0,0.0,0.0,0.0,0.0,0.0,0.0,0.0,0.0,0.0,0.0,0.0,0.0,0.0,0.0,0.0,0.0,0.0,0.0,0.0
199905,0.0,0.0,0.0,0.0,0.0,0.0,0.0,0.0,0.0,0.0,0.0,0.0,0.0,0.0,0.0,0.0,0.0,0.0,0.0,0.0,0.0,0.0,0.0,0.0,0.0,0.0,0.0,0.0,0.0,0.0,0.0,0.0
199904,0.0,0.0,0.0,0.0,0.0,0.0,0.0,0.0,0.0,0.0,0.0,0.0,0.0,0.0,0.0,0.0,0.0,0.0,0.0,0.0,0.0,0.0,0.0,0.0,0.0,0.0,0.0,0.0,0.0,0.0,0.0,0.0
199903,0.0,0.0,0.0,0.0,0.0,0.0,0.0,0.0,0.0,0.0,0.0,0.0,0.0,0.0,0.0,0.0,0.0,0.0,0.0,0.0,0.0,0.0,0.0,0.0,0.0,0.0,0.0,0.0,0.0,0.0,0.0,0.0
199902,0.0,0.0,0.0,0.0,0.0,0.0,0.0,0.0,0.0,0.0,0.0,0.0,0.0,0.0,0.0,0.0,0.0,0.0,0.0,0.0,0.0,0.0,0.0,0.0,0.0,0.0,0.0,0.0,0.0,0.0,0.0,0.0
199901,0.0,0.0,0.0,0.0,0.0,0.0,0.0,0.0,0.0,0.0,0.0,0.0,0.0,0.0,0.0,0.0,0.0,0.0,0.0,0.0,0.0,0.0,0.0,0.0,0.0,0.0,0.0,0.0,0.0,0.0,0.0,0.0
199812,0.0,0.0,0.0,0.0,0.0,0.0,0.0,0.0,0.0,0.0,0.0,0.0,0.0,0.0,0.0,0.0,0.0,0.0,0.0,0.0,0.0,0.0,0.0,0.0,0.0,0.0,0.0,0.0,0.0,0.0,0.0,0.0
199811,0.0,0.0,0.0,0.0,0.0,0.0,0.0,0.0,0.0,0.0,0.0,0.0,0.0,0.0,0.0,0.0,0.0,0.0,0.0,0.0,0.0,0.0,0.0,0.0,0.0,0.0,0.0,0.0,0.0,0.0,0.0,0.0
199810,0.0,0.0,0.0,0.0,0.0,0.0,0.0,0.0,0.0,0.0,0.0,0.0,0.0,0.0,0.0,0.0,0.0,0.0,0.0,0.0,0.0,0.0,0.0,0.0,0.0,0.0,0.0,0.0,0.0,0.0,0.0,0.0
199809,0.0,0.0,0.0,0.0,0.0,0.0,0.0,0.0,0.0,0.0,0.0,0.0,0.0,0.0,0.0,0.0,0.0,0.0,0.0,0.0,0.0,0.0,0.0,0.0,0.0,0.0,0.0,0.0,0.0,0.0,0.0,0.0
199808,0.0,0.0,0.0,0.0,0.0,0.0,0.0,0.0,0.0,0.0,0.0,0.0,0.0,0.0,0.0,0.0,0.0,0.0,0.0,0.0,0.0,0.0,0.0,0.0,0.0,0.0,0.0,0.0,0.0,0.0,0.0,0.0
199807,0.0,0.0,0.0,0.0,0.0,0.0,0.0,0.0,0.0,0.0,0.0,0.0,0.0,0.0,0.0,0.0,0.0,0.0,0.0,0.0,0.0,0.0,0.0,0.0,0.0,0.0,0.0,0.0,0.0,0.0,0.0,0.0
199806,0.0,0.0,0.0,0.0,0.0,0.0,0.0,0.0,0.0,0.0,0.0,0.0,0.0,0.0,0.0,0.0,0.0,0.0,0.0,0.0,0.0,0.0,0.0,0.0,0.0,0.0,0.0,0.0,0.0,0.0,0.0,0.0
199805,0.0,0.0,0.0,0.0,0.0,0.0,0.0,0.0,0.0,0.0,0.0,0.0,0.0,0.0,0.0,0.0,0.0,0.0,0.0,0.0,0.0,0.0,0.0,0.0,0.0,0.0,0.0,0.0,0.0,0.0,0.0,0.0
199804,0.0,0.0,0.0,0.0,0.0,0.0,0.0,0.0,0.0,0.0,0.0,0.0,0.0,0.0,0.0,0.0,0.0,0.0,0.0,0.0,0.0,0.0,0.0,0.0,0.0,0.0,0.0,0.0,0.0,0.0,0.0,0.0
199803,0.0,0.0,0.0,0.0,0.0,0.0,0.0,0.0,0.0,0.0,0.0,0.0,0.0,0.0,0.0,0.0,0.0,0.0,0.0,0.0,0.0,0.0,0.0,0.0,0.0,0.0,0.0,0.0,0.0,0.0,0.0,0.0
199802,0.0,0.0,0.0,0.0,0.0,0.0,0.0,0.0,0.0,0.0,0.0,0.0,0.0,0.0,0.0,0.0,0.0,0.0,0.0,0.0,0.0,0.0,0.0,0.0,0.0,0.0,0.0,0.0,0.0,0.0,0.0,0.0
199801,0.0,0.0,0.0,0.0,0.0,0.0,0.0,0.0,0.0,0.0,0.0,0.0,0.0,0.0,0.0,0.0,0.0,0.0,0.0,0.0,0.0,0.0,0.0,0.0,0.0,0.0,0.0,0.0,0.0,0.0,0.0,0.0
199712,0.0,0.0,0.0,0.0,0.0,0.0,0.0,0.0,0.0,0.0,0.0,0.0,0.0,0.0,0.0,0.0,0.0,0.0,0.0,0.0,0.0,0.0,0.0,0.0,0.0,0.0,0.0,0.0,0.0,0.0,0.0,0.0
199711,0.0,0.0,0.0,0.0,0.0,0.0,0.0,0.0,0.0,0.0,0.0,0.0,0.0,0.0,0.0,0.0,0.0,0.0,0.0,0.0,0.0,0.0,0.0,0.0,0.0,0.0,0.0,0.0,0.0,0.0,0.0,0.0
199710,0.0,0.0,0.0,0.0,0.0,0.0,0.0,0.0,0.0,0.0,0.0,0.0,0.0,0.0,0.0,0.0,0.0,0.0,0.0,0.0,0.0,0.0,0.0,0.0,0.0,0.0,0.0,0.0,0.0,0.0,0.0,0.0
199709,0.0,0.0,0.0,0.0,0.0,0.0,0.0,0.0,0.0,0.0,0.0,0.0,0.0,0.0,0.0,0.0,0.0,0.0,0.0,0.0,0.0,0.0,0.0,0.0,0.0,0.0,0.0,0.0,0.0,0.0,0.0,0.0
199708,0.0,0.0,0.0,0.0,0.0,0.0,0.0,0.0,0.0,0.0,0.0,0.0,0.0,0.0,0.0,0.0,0.0,0.0,0.0,0.0,0.0,0.0,0.0,0.0,0.0,0.0,0.0,0.0,0.0,0.0,0.0,0.0
199707,0.0,0.0,0.0,0.0,0.0,0.0,0.0,0.0,0.0,0.0,0.0,0.0,0.0,0.0,0.0,0.0,0.0,0.0,0.0,0.0,0.0,0.0,0.0,0.0,0.0,0.0,0.0,0.0,0.0,0.0,0.0,0.0
199706,0.0,0.0,0.0,0.0,0.0,0.0,0.0,0.0,0.0,0.0,0.0,0.0,0.0,0.0,0.0,0.0,0.0,0.0,0.0,0.0,0.0,0.0,0.0,0.0,0.0,0.0,0.0,0.0,0.0,0.0,0.0,0.0
199705,0.0,0.0,0.0,0.0,0.0,0.0,0.0,0.0,0.0,0.0,0.0,0.0,0.0,0.0,0.0,0.0,0.0,0.0,0.0,0.0,0.0,0.0,0.0,0.0,0.0,0.0,0.0,0.0,0.0,0.0,0.0,0.0
199704,0.0,0.0,0.0,0.0,0.0,0.0,0.0,0.0,0.0,0.0,0.0,0.0,0.0,0.0,0.0,0.0,0.0,0.0,0.0,0.0,0.0,0.0,0.0,0.0,0.0,0.0,0.0,0.0,0.0,0.0,0.0,0.0
199703,0.0,0.0,0.0,0.0,0.0,0.0,0.0,0.0,0.0,0.0,0.0,0.0,0.0,0.0,0.0,0.0,0.0,0.0,0.0,0.0,0.0,0.0,0.0,0.0,0.0,0.0,0.0,0.0,0.0,0.0,0.0,0.0
199702,0.0,0.0,0.0,0.0,0.0,0.0,0.0,0.0,0.0,0.0,0.0,0.0,0.0,0.0,0.0,0.0,0.0,0.0,0.0,0.0,0.0,0.0,0.0,0.0,0.0,0.0,0.0,0.0,0.0,0.0,0.0,0.0
199701,0.0,0.0,0.0,0.0,0.0,0.0,0.0,0.0,0.0,0.0,0.0,0.0,0.0,0.0,0.0,0.0,0.0,0.0,0.0,0.0,0.0,0.0,0.0,0.0,0.0,0.0,0.0,0.0,0.0,0.0,0.0,0.0
199612,0.0,0.0,0.0,0.0,0.0,0.0,0.0,0.0,0.0,0.0,0.0,0.0,0.0,0.0,0.0,0.0,0.0,0.0,0.0,0.0,0.0,0.0,0.0,0.0,0.0,0.0,0.0,0.0,0.0,0.0,0.0,0.0
199611,0.0,0.0,0.0,0.0,0.0,0.0,0.0,0.0,0.0,0.0,0.0,0.0,0.0,0.0,0.0,0.0,0.0,0.0,0.0,0.0,0.0,0.0,0.0,0.0,0.0,0.0,0.0,0.0,0.0,0.0,0.0,0.0
199610,0.0,0.0,0.0,0.0,0.0,0.0,0.0,0.0,0.0,0.0,0.0,0.0,0.0,0.0,0.0,0.0,0.0,0.0,0.0,0.0,0.0,0.0,0.0,0.0,0.0,0.0,0.0,0.0,0.0,0.0,0.0,0.0
199609,0.0,0.0,0.0,0.0,0.0,0.0,0.0,0.0,0.0,0.0,0.0,0.0,0.0,0.0,0.0,0.0,0.0,0.0,0.0,0.0,0.0,0.0,0.0,0.0,0.0,0.0,0.0,0.0,0.0,0.0,0.0,0.0
199608,0.0,0.0,0.0,0.0,0.0,0.0,0.0,0.0,0.0,0.0,0.0,0.0,0.0,0.0,0.0,0.0,0.0,0.0,0.0,0.0,0.0,0.0,0.0,0.0,0.0,0.0,0.0,0.0,0.0,0.0,0.0,0.0
199607,0.0,0.0,0.0,0.0,0.0,0.0,0.0,0.0,0.0,0.0,0.0,0.0,0.0,0.0,0.0,0.0,0.0,0.0,0.0,0.0,0.0,0.0,0.0,0.0,0.0,0.0,0.0,0.0,0.0,0.0,0.0,0.0
199606,0.0,0.0,0.0,0.0,0.0,0.0,0.0,0.0,0.0,0.0,0.0,0.0,0.0,0.0,0.0,0.0,0.0,0.0,0.0,0.0,0.0,0.0,0.0,0.0,0.0,0.0,0.0,0.0,0.0,0.0,0.0,0.0
199605,0.0,0.0,0.0,0.0,0.0,0.0,0.0,0.0,0.0,0.0,0.0,0.0,0.0,0.0,0.0,0.0,0.0,0.0,0.0,0.0,0.0,0.0,0.0,0.0,0.0,0.0,0.0,0.0,0.0,0.0,0.0,0.0
199604,0.0,0.0,0.0,0.0,0.0,0.0,0.0,0.0,0.0,0.0,0.0,0.0,0.0,0.0,0.0,0.0,0.0,0.0,0.0,0.0,0.0,0.0,0.0,0.0,0.0,0.0,0.0,0.0,0.0,0.0,0.0,0.0
199603,0.0,0.0,0.0,0.0,0.0,0.0,0.0,0.0,0.0,0.0,0.0,0.0,0.0,0.0,0.0,0.0,0.0,0.0,0.0,0.0,0.0,0.0,0.0,0.0,0.0,0.0,0.0,0.0,0.0,0.0,0.0,0.0
199602,0.0,0.0,0.0,0.0,0.0,0.0,0.0,0.0,0.0,0.0,0.0,0.0,0.0,0.0,0.0,0.0,0.0,0.0,0.0,0.0,0.0,0.0,0.0,0.0,0.0,0.0,0.0,0.0,0.0,0.0,0.0,0.0
199601,0.0,0.0,0.0,0.0,0.0,0.0,0.0,0.0,0.0,0.0,0.0,0.0,0.0,0.0,0.0,0.0,0.0,0.0,0.0,0.0,0.0,0.0,0.0,0.0,0.0,0.0,0.0,0.0,0.0,0.0,0.0,0.0
199512,0.0,0.0,0.0,0.0,0.0,0.0,0.0,0.0,0.0,0.0,0.0,0.0,0.0,0.0,0.0,0.0,0.0,0.0,0.0,0.0,0.0,0.0,0.0,0.0,0.0,0.0,0.0,0.0,0.0,0.0,0.0,0.0
199511,0.0,0.0,0.0,0.0,0.0,0.0,0.0,0.0,0.0,0.0,0.0,0.0,0.0,0.0,0.0,0.0,0.0,0.0,0.0,0.0,0.0,0.0,0.0,0.0,0.0,0.0,0.0,0.0,0.0,0.0,0.0,0.0
199510,0.0,0.0,0.0,0.0,0.0,0.0,0.0,0.0,0.0,0.0,0.0,0.0,0.0,0.0,0.0,0.0,0.0,0.0,0.0,0.0,0.0,0.0,0.0,0.0,0.0,0.0,0.0,0.0,0.0,0.0,0.0,0.0
199509,0.0,0.0,0.0,0.0,0.0,0.0,0.0,0.0,0.0,0.0,0.0,0.0,0.0,0.0,0.0,0.0,0.0,0.0,0.0,0.0,0.0,0.0,0.0,0.0,0.0,0.0,0.0,0.0,0.0,0.0,0.0,0.0
199508,0.0,0.0,0.0,0.0,0.0,0.0,0.0,0.0,0.0,0.0,0.0,0.0,0.0,0.0,0.0,0.0,0.0,0.0,0.0,0.0,0.0,0.0,0.0,0.0,0.0,0.0,0.0,0.0,0.0,0.0,0.0,0.0
199507,0.0,0.0,0.0,0.0,0.0,0.0,0.0,0.0,0.0,0.0,0.0,0.0,0.0,0.0,0.0,0.0,0.0,0.0,0.0,0.0,0.0,0.0,0.0,0.0,0.0,0.0,0.0,0.0,0.0,0.0,0.0,0.0
199506,0.0,0.0,0.0,0.0,0.0,0.0,0.0,0.0,0.0,0.0,0.0,0.0,0.0,0.0,0.0,0.0,0.0,0.0,0.0,0.0,0.0,0.0,0.0,0.0,0.0,0.0,0.0,0.0,0.0,0.0,0.0,0.0
199505,0.0,0.0,0.0,0.0,0.0,0.0,0.0,0.0,0.0,0.0,0.0,0.0,0.0,0.0,0.0,0.0,0.0,0.0,0.0,0.0,0.0,0.0,0.0,0.0,0.0,0.0,0.0,0.0,0.0,0.0,0.0,0.0
199504,0.0,0.0,0.0,0.0,0.0,0.0,0.0,0.0,0.0,0.0,0.0,0.0,0.0,0.0,0.0,0.0,0.0,0.0,0.0,0.0,0.0,0.0,0.0,0.0,0.0,0.0,0.0,0.0,0.0,0.0,0.0,0.0
199503,0.0,0.0,0.0,0.0,0.0,0.0,0.0,0.0,0.0,0.0,0.0,0.0,0.0,0.0,0.0,0.0,0.0,0.0,0.0,0.0,0.0,0.0,0.0,0.0,0.0,0.0,0.0,0.0,0.0,0.0,0.0,0.0
199502,0.0,0.0,0.0,0.0,0.0,0.0,0.0,0.0,0.0,0.0,0.0,0.0,0.0,0.0,0.0,0.0,0.0,0.0,0.0,0.0,0.0,0.0,0.0,0.0,0.0,0.0,0.0,0.0,0.0,0.0,0.0,0.0
199501,0.0,0.0,0.0,0.0,0.0,0.0,0.0,0.0,0.0,0.0,0.0,0.0,0.0,0.0,0.0,0.0,0.0,0.0,0.0,0.0,0.0,0.0,0.0,0.0,0.0,0.0,0.0,0.0,0.0,0.0,0.0,0.0
199412,0.0,0.0,0.0,0.0,0.0,0.0,0.0,0.0,0.0,0.0,0.0,0.0,0.0,0.0,0.0,0.0,0.0,0.0,0.0,0.0,0.0,0.0,0.0,0.0,0.0,0.0,0.0,0.0,0.0,0.0,0.0,0.0
199411,0.0,0.0,0.0,0.0,0.0,0.0,0.0,0.0,0.0,0.0,0.0,0.0,0.0,0.0,0.0,0.0,0.0,0.0,0.0,0.0,0.0,0.0,0.0,0.0,0.0,0.0,0.0,0.0,0.0,0.0,0.0,0.0
199410,0.0,0.0,0.0,0.0,0.0,0.0,0.0,0.0,0.0,0.0,0.0,0.0,0.0,0.0,0.0,0.0,0.0,0.0,0.0,0.0,0.0,0.0,0.0,0.0,0.0,0.0,0.0,0.0,0.0,0.0,0.0,0.0
199409,0.0,0.0,0.0,0.0,0.0,0.0,0.0,0.0,0.0,0.0,0.0,0.0,0.0,0.0,0.0,0.0,0.0,0.0,0.0,0.0,0.0,0.0,0.0,0.0,0.0,0.0,0.0,0.0,0.0,0.0,0.0,0.0
199408,0.0,0.0,0.0,0.0,0.0,0.0,0.0,0.0,0.0,0.0,0.0,0.0,0.0,0.0,0.0,0.0,0.0,0.0,0.0,0.0,0.0,0.0,0.0,0.0,0.0,0.0,0.0,0.0,0.0,0.0,0.0,0.0
199407,0.0,0.0,0.0,0.0,0.0,0.0,0.0,0.0,0.0,0.0,0.0,0.0,0.0,0.0,0.0,0.0,0.0,0.0,0.0,0.0,0.0,0.0,0.0,0.0,0.0,0.0,0.0,0.0,0.0,0.0,0.0,0.0
199406,0.0,0.0,0.0,0.0,0.0,0.0,0.0,0.0,0.0,0.0,0.0,0.0,0.0,0.0,0.0,0.0,0.0,0.0,0.0,0.0,0.0,0.0,0.0,0.0,0.0,0.0,0.0,0.0,0.0,0.0,0.0,0.0
199405,0.0,0.0,0.0,0.0,0.0,0.0,0.0,0.0,0.0,0.0,0.0,0.0,0.0,0.0,0.0,0.0,0.0,0.0,0.0,0.0,0.0,0.0,0.0,0.0,0.0,0.0,0.0,0.0,0.0,0.0,0.0,0.0
199404,0.0,0.0,0.0,0.0,0.0,0.0,0.0,0.0,0.0,0.0,0.0,0.0,0.0,0.0,0.0,0.0,0.0,0.0,0.0,0.0,0.0,0.0,0.0,0.0,0.0,0.0,0.0,0.0,0.0,0.0,0.0,0.0
199403,0.0,0.0,0.0,0.0,0.0,0.0,0.0,0.0,0.0,0.0,0.0,0.0,0.0,0.0,0.0,0.0,0.0,0.0,0.0,0.0,0.0,0.0,0.0,0.0,0.0,0.0,0.0,0.0,0.0,0.0,0.0,0.0
199402,0.0,0.0,0.0,0.0,0.0,0.0,0.0,0.0,0.0,0.0,0.0,0.0,0.0,0.0,0.0,0.0,0.0,0.0,0.0,0.0,0.0,0.0,0.0,0.0,0.0,0.0,0.0,0.0,0.0,0.0,0.0,0.0
199401,0.0,0.0,0.0,0.0,0.0,0.0,0.0,0.0,0.0,0.0,0.0,0.0,0.0,0.0,0.0,0.0,0.0,0.0,0.0,0.0,0.0,0.0,0.0,0.0,0.0,0.0,0.0,0.0,0.0,0.0,0.0,0.0
199312,0.0,0.0,0.0,0.0,0.0,0.0,0.0,0.0,0.0,0.0,0.0,0.0,0.0,0.0,0.0,0.0,0.0,0.0,0.0,0.0,0.0,0.0,0.0,0.0,0.0,0.0,0.0,0.0,0.0,0.0,0.0,0.0
199311,0.0,0.0,0.0,0.0,0.0,0.0,0.0,0.0,0.0,0.0,0.0,0.0,0.0,0.0,0.0,0.0,0.0,0.0,0.0,0.0,0.0,0.0,0.0,0.0,0.0,0.0,0.0,0.0,0.0,0.0,0.0,0.0
199310,0.0,0.0,0.0,0.0,0.0,0.0,0.0,0.0,0.0,0.0,0.0,0.0,0.0,0.0,0.0,0.0,0.0,0.0,0.0,0.0,0.0,0.0,0.0,0.0,0.0,0.0,0.0,0.0,0.0,0.0,0.0,0.0
199309,0.0,0.0,0.0,0.0,0.0,0.0,0.0,0.0,0.0,0.0,0.0,0.0,0.0,0.0,0.0,0.0,0.0,0.0,0.0,0.0,0.0,0.0,0.0,0.0,0.0,0.0,0.0,0.0,0.0,0.0,0.0,0.0
199308,0.0,0.0,0.0,0.0,0.0,0.0,0.0,0.0,0.0,0.0,0.0,0.0,0.0,0.0,0.0,0.0,0.0,0.0,0.0,0.0,0.0,0.0,0.0,0.0,0.0,0.0,0.0,0.0,0.0,0.0,0.0,0.0
199307,0.0,0.0,0.0,0.0,0.0,0.0,0.0,0.0,0.0,0.0,0.0,0.0,0.0,0.0,0.0,0.0,0.0,0.0,0.0,0.0,0.0,0.0,0.0,0.0,0.0,0.0,0.0,0.0,0.0,0.0,0.0,0.0
199306,0.0,0.0,0.0,0.0,0.0,0.0,0.0,0.0,0.0,0.0,0.0,0.0,0.0,0.0,0.0,0.0,0.0,0.0,0.0,0.0,0.0,0.0,0.0,0.0,0.0,0.0,0.0,0.0,0.0,0.0,0.0,0.0
199305,0.0,0.0,0.0,0.0,0.0,0.0,0.0,0.0,0.0,0.0,0.0,0.0,0.0,0.0,0.0,0.0,0.0,0.0,0.0,0.0,0.0,0.0,0.0,0.0,0.0,0.0,0.0,0.0,0.0,0.0,0.0,0.0
199304,0.0,0.0,0.0,0.0,0.0,0.0,0.0,0.0,0.0,0.0,0.0,0.0,0.0,0.0,0.0,0.0,0.0,0.0,0.0,0.0,0.0,0.0,0.0,0.0,0.0,0.0,0.0,0.0,0.0,0.0,0.0,0.0
199303,0.0,0.0,0.0,0.0,0.0,0.0,0.0,0.0,0.0,0.0,0.0,0.0,0.0,0.0,0.0,0.0,0.0,0.0,0.0,0.0,0.0,0.0,0.0,0.0,0.0,0.0,0.0,0.0,0.0,0.0,0.0,0.0
199302,0.0,0.0,0.0,0.0,0.0,0.0,0.0,0.0,0.0,0.0,0.0,0.0,0.0,0.0,0.0,0.0,0.0,0.0,0.0,0.0,0.0,0.0,0.0,0.0,0.0,0.0,0.0,0.0,0.0,0.0,0.0,0.0
199301,0.0,0.0,0.0,0.0,0.0,0.0,0.0,0.0,0.0,0.0,0.0,0.0,0.0,0.0,0.0,0.0,0.0,0.0,0.0,0.0,0.0,0.0,0.0,0.0,0.0,0.0,0.0,0.0,0.0,0.0,0.0,0.0
199212,0.0,0.0,0.0,0.0,0.0,0.0,0.0,0.0,0.0,0.0,0.0,0.0,0.0,0.0,0.0,0.0,0.0,0.0,0.0,0.0,0.0,0.0,0.0,0.0,0.0,0.0,0.0,0.0,0.0,0.0,0.0,0.0
199211,0.0,0.0,0.0,0.0,0.0,0.0,0.0,0.0,0.0,0.0,0.0,0.0,0.0,0.0,0.0,0.0,0.0,0.0,0.0,0.0,0.0,0.0,0.0,0.0,0.0,0.0,0.0,0.0,0.0,0.0,0.0,0.0
199210,0.0,0.0,0.0,0.0,0.0,0.0,0.0,0.0,0.0,0.0,0.0,0.0,0.0,0.0,0.0,0.0,0.0,0.0,0.0,0.0,0.0,0.0,0.0,0.0,0.0,0.0,0.0,0.0,0.0,0.0,0.0,0.0
199209,0.0,0.0,0.0,0.0,0.0,0.0,0.0,0.0,0.0,0.0,0.0,0.0,0.0,0.0,0.0,0.0,0.0,0.0,0.0,0.0,0.0,0.0,0.0,0.0,0.0,0.0,0.0,0.0,0.0,0.0,0.0,0.0
199208,0.0,0.0,0.0,0.0,0.0,0.0,0.0,0.0,0.0,0.0,0.0,0.0,0.0,0.0,0.0,0.0,0.0,0.0,0.0,0.0,0.0,0.0,0.0,0.0,0.0,0.0,0.0,0.0,0.0,0.0,0.0,0.0
199207,0.0,0.0,0.0,0.0,0.0,0.0,0.0,0.0,0.0,0.0,0.0,0.0,0.0,0.0,0.0,0.0,0.0,0.0,0.0,0.0,0.0,0.0,0.0,0.0,0.0,0.0,0.0,0.0,0.0,0.0,0.0,0.0
199206,0.0,0.0,0.0,0.0,0.0,0.0,0.0,0.0,0.0,0.0,0.0,0.0,0.0,0.0,0.0,0.0,0.0,0.0,0.0,0.0,0.0,0.0,0.0,0.0,0.0,0.0,0.0,0.0,0.0,0.0,0.0,0.0
199205,0.0,0.0,0.0,0.0,0.0,0.0,0.0,0.0,0.0,0.0,0.0,0.0,0.0,0.0,0.0,0.0,0.0,0.0,0.0,0.0,0.0,0.0,0.0,0.0,0.0,0.0,0.0,0.0,0.0,0.0,0.0,0.0
199204,0.0,0.0,0.0,0.0,0.0,0.0,0.0,0.0,0.0,0.0,0.0,0.0,0.0,0.0,0.0,0.0,0.0,0.0,0.0,0.0,0.0,0.0,0.0,0.0,0.0,0.0,0.0,0.0,0.0,0.0,0.0,0.0
199203,0.0,0.0,0.0,0.0,0.0,0.0,0.0,0.0,0.0,0.0,0.0,0.0,0.0,0.0,0.0,0.0,0.0,0.0,0.0,0.0,0.0,0.0,0.0,0.0,0.0,0.0,0.0,0.0,0.0,0.0,0.0,0.0
199202,0.0,0.0,0.0,0.0,0.0,0.0,0.0,0.0,0.0,0.0,0.0,0.0,0.0,0.0,0.0,0.0,0.0,0.0,0.0,0.0,0.0,0.0,0.0,0.0,0.0,0.0,0.0,0.0,0.0,0.0,0.0,0.0
199201,0.0,0.0,0.0,0.0,0.0,0.0,0.0,0.0,0.0,0.0,0.0,0.0,0.0,0.0,0.0,0.0,0.0,0.0,0.0,0.0,0.0,0.0,0.0,0.0,0.0,0.0,0.0,0.0,0.0,0.0,0.0,0.0
199112,0.0,0.0,0.0,0.0,0.0,0.0,0.0,0.0,0.0,0.0,0.0,0.0,0.0,0.0,0.0,0.0,0.0,0.0,0.0,0.0,0.0,0.0,0.0,0.0,0.0,0.0,0.0,0.0,0.0,0.0,0.0,0.0
199111,0.0,0.0,0.0,0.0,0.0,0.0,0.0,0.0,0.0,0.0,0.0,0.0,0.0,0.0,0.0,0.0,0.0,0.0,0.0,0.0,0.0,0.0,0.0,0.0,0.0,0.0,0.0,0.0,0.0,0.0,0.0,0.0
199110,0.0,0.0,0.0,0.0,0.0,0.0,0.0,0.0,0.0,0.0,0.0,0.0,0.0,0.0,0.0,0.0,0.0,0.0,0.0,0.0,0.0,0.0,0.0,0.0,0.0,0.0,0.0,0.0,0.0,0.0,0.0,0.0
199109,0.0,0.0,0.0,0.0,0.0,0.0,0.0,0.0,0.0,0.0,0.0,0.0,0.0,0.0,0.0,0.0,0.0,0.0,0.0,0.0,0.0,0.0,0.0,0.0,0.0,0.0,0.0,0.0,0.0,0.0,0.0,0.0
199108,0.0,0.0,0.0,0.0,0.0,0.0,0.0,0.0,0.0,0.0,0.0,0.0,0.0,0.0,0.0,0.0,0.0,0.0,0.0,0.0,0.0,0.0,0.0,0.0,0.0,0.0,0.0,0.0,0.0,0.0,0.0,0.0
199107,0.0,0.0,0.0,0.0,0.0,0.0,0.0,0.0,0.0,0.0,0.0,0.0,0.0,0.0,0.0,0.0,0.0,0.0,0.0,0.0,0.0,0.0,0.0,0.0,0.0,0.0,0.0,0.0,0.0,0.0,0.0,0.0
199106,0.0,0.0,0.0,0.0,0.0,0.0,0.0,0.0,0.0,0.0,0.0,0.0,0.0,0.0,0.0,0.0,0.0,0.0,0.0,0.0,0.0,0.0,0.0,0.0,0.0,0.0,0.0,0.0,0.0,0.0,0.0,0.0
199105,0.0,0.0,0.0,0.0,0.0,0.0,0.0,0.0,0.0,0.0,0.0,0.0,0.0,0.0,0.0,0.0,0.0,0.0,0.0,0.0,0.0,0.0,0.0,0.0,0.0,0.0,0.0,0.0,0.0,0.0,0.0,0.0
199104,0.0,0.0,0.0,0.0,0.0,0.0,0.0,0.0,0.0,0.0,0.0,0.0,0.0,0.0,0.0,0.0,0.0,0.0,0.0,0.0,0.0,0.0,0.0,0.0,0.0,0.0,0.0,0.0,0.0,0.0,0.0,0.0
199103,0.0,0.0,0.0,0.0,0.0,0.0,0.0,0.0,0.0,0.0,0.0,0.0,0.0,0.0,0.0,0.0,0.0,0.0,0.0,0.0,0.0,0.0,0.0,0.0,0.0,0.0,0.0,0.0,0.0,0.0,0.0,0.0
199102,0.0,0.0,0.0,0.0,0.0,0.0,0.0,0.0,0.0,0.0,0.0,0.0,0.0,0.0,0.0,0.0,0.0,0.0,0.0,0.0,0.0,0.0,0.0,0.0,0.0,0.0,0.0,0.0,0.0,0.0,0.0,0.0
199101,0.0,0.0,0.0,0.0,0.0,0.0,0.0,0.0,0.0,0.0,0.0,0.0,0.0,0.0,0.0,0.0,0.0,0.0,0.0,0.0,0.0,0.0,0.0,0.0,0.0,0.0,0.0,0.0,0.0,0.0,0.0,0.0
199012,0.0,0.0,0.0,0.0,0.0,0.0,0.0,0.0,0.0,0.0,0.0,0.0,0.0,0.0,0.0,0.0,0.0,0.0,0.0,0.0,0.0,0.0,0.0,0.0,0.0,0.0,0.0,0.0,0.0,0.0,0.0,0.0
199011,0.0,0.0,0.0,0.0,0.0,0.0,0.0,0.0,0.0,0.0,0.0,0.0,0.0,0.0,0.0,0.0,0.0,0.0,0.0,0.0,0.0,0.0,0.0,0.0,0.0,0.0,0.0,0.0,0.0,0.0,0.0,0.0
199010,0.0,0.0,0.0,0.0,0.0,0.0,0.0,0.0,0.0,0.0,0.0,0.0,0.0,0.0,0.0,0.0,0.0,0.0,0.0,0.0,0.0,0.0,0.0,0.0,0.0,0.0,0.0,0.0,0.0,0.0,0.0,0.0
199009,0.0,0.0,0.0,0.0,0.0,0.0,0.0,0.0,0.0,0.0,0.0,0.0,0.0,0.0,0.0,0.0,0.0,0.0,0.0,0.0,0.0,0.0,0.0,0.0,0.0,0.0,0.0,0.0,0.0,0.0,0.0,0.0
199008,0.0,0.0,0.0,0.0,0.0,0.0,0.0,0.0,0.0,0.0,0.0,0.0,0.0,0.0,0.0,0.0,0.0,0.0,0.0,0.0,0.0,0.0,0.0,0.0,0.0,0.0,0.0,0.0,0.0,0.0,0.0,0.0
199007,0.0,0.0,0.0,0.0,0.0,0.0,0.0,0.0,0.0,0.0,0.0,0.0,0.0,0.0,0.0,0.0,0.0,0.0,0.0,0.0,0.0,0.0,0.0,0.0,0.0,0.0,0.0,0.0,0.0,0.0,0.0,0.0
199006,0.0,0.0,0.0,0.0,0.0,0.0,0.0,0.0,0.0,0.0,0.0,0.0,0.0,0.0,0.0,0.0,0.0,0.0,0.0,0.0,0.0,0.0,0.0,0.0,0.0,0.0,0.0,0.0,0.0,0.0,0.0,0.0
199005,0.0,0.0,0.0,0.0,0.0,0.0,0.0,0.0,0.0,0.0,0.0,0.0,0.0,0.0,0.0,0.0,0.0,0.0,0.0,0.0,0.0,0.0,0.0,0.0,0.0,0.0,0.0,0.0,0.0,0.0,0.0,0.0
199004,0.0,0.0,0.0,0.0,0.0,0.0,0.0,0.0,0.0,0.0,0.0,0.0,0.0,0.0,0.0,0.0,0.0,0.0,0.0,0.0,0.0,0.0,0.0,0.0,0.0,0.0,0.0,0.0,0.0,0.0,0.0,0.0
199003,0.0,0.0,0.0,0.0,0.0,0.0,0.0,0.0,0.0,0.0,0.0,0.0,0.0,0.0,0.0,0.0,0.0,0.0,0.0,0.0,0.0,0.0,0.0,0.0,0.0,0.0,0.0,0.0,0.0,0.0,0.0,0.0
199002,0.0,0.0,0.0,0.0,0.0,0.0,0.0,0.0,0.0,0.0,0.0,0.0,0.0,0.0,0.0,0.0,0.0,0.0,0.0,0.0,0.0,0.0,0.0,0.0,0.0,0.0,0.0,0.0,0.0,0.0,0.0,0.0
199001,0.0,0.0,0.0,0.0,0.0,0.0,0.0,0.0,0.0,0.0,0.0,0.0,0.0,0.0,0.0,0.0,0.0,0.0,0.0,0.0,0.0,0.0,0.0,0.0,0.0,0.0,0.0,0.0,0.0,0.0,0.0,0.0
198912,0.0,0.0,0.0,0.0,0.0,0.0,0.0,0.0,0.0,0.0,0.0,0.0,0.0,0.0,0.0,0.0,0.0,0.0,0.0,0.0,0.0,0.0,0.0,0.0,0.0,0.0,0.0,0.0,0.0,0.0,0.0,0.0
198911,0.0,0.0,0.0,0.0,0.0,0.0,0.0,0.0,0.0,0.0,0.0,0.0,0.0,0.0,0.0,0.0,0.0,0.0,0.0,0.0,0.0,0.0,0.0,0.0,0.0,0.0,0.0,0.0,0.0,0.0,0.0,0.0
198910,0.0,0.0,0.0,0.0,0.0,0.0,0.0,0.0,0.0,0.0,0.0,0.0,0.0,0.0,0.0,0.0,0.0,0.0,0.0,0.0,0.0,0.0,0.0,0.0,0.0,0.0,0.0,0.0,0.0,0.0,0.0,0.0
198909,0.0,0.0,0.0,0.0,0.0,0.0,0.0,0.0,0.0,0.0,0.0,0.0,0.0,0.0,0.0,0.0,0.0,0.0,0.0,0.0,0.0,0.0,0.0,0.0,0.0,0.0,0.0,0.0,0.0,0.0,0.0,0.0
198908,0.0,0.0,0.0,0.0,0.0,0.0,0.0,0.0,0.0,0.0,0.0,0.0,0.0,0.0,0.0,0.0,0.0,0.0,0.0,0.0,0.0,0.0,0.0,0.0,0.0,0.0,0.0,0.0,0.0,0.0,0.0,0.0
198907,0.0,0.0,0.0,0.0,0.0,0.0,0.0,0.0,0.0,0.0,0.0,0.0,0.0,0.0,0.0,0.0,0.0,0.0,0.0,0.0,0.0,0.0,0.0,0.0,0.0,0.0,0.0,0.0,0.0,0.0,0.0,0.0
198906,0.0,0.0,0.0,0.0,0.0,0.0,0.0,0.0,0.0,0.0,0.0,0.0,0.0,0.0,0.0,0.0,0.0,0.0,0.0,0.0,0.0,0.0,0.0,0.0,0.0,0.0,0.0,0.0,0.0,0.0,0.0,0.0
198905,0.0,0.0,0.0,0.0,0.0,0.0,0.0,0.0,0.0,0.0,0.0,0.0,0.0,0.0,0.0,0.0,0.0,0.0,0.0,0.0,0.0,0.0,0.0,0.0,0.0,0.0,0.0,0.0,0.0,0.0,0.0,0.0
198904,0.0,0.0,0.0,0.0,0.0,0.0,0.0,0.0,0.0,0.0,0.0,0.0,0.0,0.0,0.0,0.0,0.0,0.0,0.0,0.0,0.0,0.0,0.0,0.0,0.0,0.0,0.0,0.0,0.0,0.0,0.0,0.0
198903,0.0,0.0,0.0,0.0,0.0,0.0,0.0,0.0,0.0,0.0,0.0,0.0,0.0,0.0,0.0,0.0,0.0,0.0,0.0,0.0,0.0,0.0,0.0,0.0,0.0,0.0,0.0,0.0,0.0,0.0,0.0,0.0
198902,0.0,0.0,0.0,0.0,0.0,0.0,0.0,0.0,0.0,0.0,0.0,0.0,0.0,0.0,0.0,0.0,0.0,0.0,0.0,0.0,0.0,0.0,0.0,0.0,0.0,0.0,0.0,0.0,0.0,0.0,0.0,0.0
198901,0.0,0.0,0.0,0.0,0.0,0.0,0.0,0.0,0.0,0.0,0.0,0.0,0.0,0.0,0.0,0.0,0.0,0.0,0.0,0.0,0.0,0.0,0.0,0.0,0.0,0.0,0.0,0.0,0.0,0.0,0.0,0.0
198812,0.0,0.0,0.0,0.0,0.0,0.0,0.0,0.0,0.0,0.0,0.0,0.0,0.0,0.0,0.0,0.0,0.0,0.0,0.0,0.0,0.0,0.0,0.0,0.0,0.0,0.0,0.0,0.0,0.0,0.0,0.0,0.0
198811,0.0,0.0,0.0,0.0,0.0,0.0,0.0,0.0,0.0,0.0,0.0,0.0,0.0,0.0,0.0,0.0,0.0,0.0,0.0,0.0,0.0,0.0,0.0,0.0,0.0,0.0,0.0,0.0,0.0,0.0,0.0,0.0
198810,0.0,0.0,0.0,0.0,0.0,0.0,0.0,0.0,0.0,0.0,0.0,0.0,0.0,0.0,0.0,0.0,0.0,0.0,0.0,0.0,0.0,0.0,0.0,0.0,0.0,0.0,0.0,0.0,0.0,0.0,0.0,0.0
198809,0.0,0.0,0.0,0.0,0.0,0.0,0.0,0.0,0.0,0.0,0.0,0.0,0.0,0.0,0.0,0.0,0.0,0.0,0.0,0.0,0.0,0.0,0.0,0.0,0.0,0.0,0.0,0.0,0.0,0.0,0.0,0.0
198808,0.0,0.0,0.0,0.0,0.0,0.0,0.0,0.0,0.0,0.0,0.0,0.0,0.0,0.0,0.0,0.0,0.0,0.0,0.0,0.0,0.0,0.0,0.0,0.0,0.0,0.0,0.0,0.0,0.0,0.0,0.0,0.0
198807,0.0,0.0,0.0,0.0,0.0,0.0,0.0,0.0,0.0,0.0,0.0,0.0,0.0,0.0,0.0,0.0,0.0,0.0,0.0,0.0,0.0,0.0,0.0,0.0,0.0,0.0,0.0,0.0,0.0,0.0,0.0,0.0
198806,0.0,0.0,0.0,0.0,0.0,0.0,0.0,0.0,0.0,0.0,0.0,0.0,0.0,0.0,0.0,0.0,0.0,0.0,0.0,0.0,0.0,0.0,0.0,0.0,0.0,0.0,0.0,0.0,0.0,0.0,0.0,0.0
198805,0.0,0.0,0.0,0.0,0.0,0.0,0.0,0.0,0.0,0.0,0.0,0.0,0.0,0.0,0.0,0.0,0.0,0.0,0.0,0.0,0.0,0.0,0.0,0.0,0.0,0.0,0.0,0.0,0.0,0.0,0.0,0.0
198804,0.0,0.0,0.0,0.0,0.0,0.0,0.0,0.0,0.0,0.0,0.0,0.0,0.0,0.0,0.0,0.0,0.0,0.0,0.0,0.0,0.0,0.0,0.0,0.0,0.0,0.0,0.0,0.0,0.0,0.0,0.0,0.0
198803,0.0,0.0,0.0,0.0,0.0,0.0,0.0,0.0,0.0,0.0,0.0,0.0,0.0,0.0,0.0,0.0,0.0,0.0,0.0,0.0,0.0,0.0,0.0,0.0,0.0,0.0,0.0,0.0,0.0,0.0,0.0,0.0
198802,0.0,0.0,0.0,0.0,0.0,0.0,0.0,0.0,0.0,0.0,0.0,0.0,0.0,0.0,0.0,0.0,0.0,0.0,0.0,0.0,0.0,0.0,0.0,0.0,0.0,0.0,0.0,0.0,0.0,0.0,0.0,0.0
198801,0.0,0.0,0.0,0.0,0.0,0.0,0.0,0.0,0.0,0.0,0.0,0.0,0.0,0.0,0.0,0.0,0.0,0.0,0.0,0.0,0.0,0.0,0.0,0.0,0.0,0.0,0.0,0.0,0.0,0.0,0.0,0.0
198712,0.0,0.0,0.0,0.0,0.0,0.0,0.0,0.0,0.0,0.0,0.0,0.0,0.0,0.0,0.0,0.0,0.0,0.0,0.0,0.0,0.0,0.0,0.0,0.0,0.0,0.0,0.0,0.0,0.0,0.0,0.0,0.0
198711,0.0,0.0,0.0,0.0,0.0,0.0,0.0,0.0,0.0,0.0,0.0,0.0,0.0,0.0,0.0,0.0,0.0,0.0,0.0,0.0,0.0,0.0,0.0,0.0,0.0,0.0,0.0,0.0,0.0,0.0,0.0,0.0
198710,0.0,0.0,0.0,0.0,0.0,0.0,0.0,0.0,0.0,0.0,0.0,0.0,0.0,0.0,0.0,0.0,0.0,0.0,0.0,0.0,0.0,0.0,0.0,0.0,0.0,0.0,0.0,0.0,0.0,0.0,0.0,0.0
198709,0.0,0.0,0.0,0.0,0.0,0.0,0.0,0.0,0.0,0.0,0.0,0.0,0.0,0.0,0.0,0.0,0.0,0.0,0.0,0.0,0.0,0.0,0.0,0.0,0.0,0.0,0.0,0.0,0.0,0.0,0.0,0.0
198708,0.0,0.0,0.0,0.0,0.0,0.0,0.0,0.0,0.0,0.0,0.0,0.0,0.0,0.0,0.0,0.0,0.0,0.0,0.0,0.0,0.0,0.0,0.0,0.0,0.0,0.0,0.0,0.0,0.0,0.0,0.0,0.0
198707,0.0,0.0,0.0,0.0,0.0,0.0,0.0,0.0,0.0,0.0,0.0,0.0,0.0,0.0,0.0,0.0,0.0,0.0,0.0,0.0,0.0,0.0,0.0,0.0,0.0,0.0,0.0,0.0,0.0,0.0,0.0,0.0
198706,0.0,0.0,0.0,0.0,0.0,0.0,0.0,0.0,0.0,0.0,0.0,0.0,0.0,0.0,0.0,0.0,0.0,0.0,0.0,0.0,0.0,0.0,0.0,0.0,0.0,0.0,0.0,0.0,0.0,0.0,0.0,0.0
198705,0.0,0.0,0.0,0.0,0.0,0.0,0.0,0.0,0.0,0.0,0.0,0.0,0.0,0.0,0.0,0.0,0.0,0.0,0.0,0.0,0.0,0.0,0.0,0.0,0.0,0.0,0.0,0.0,0.0,0.0,0.0,0.0
198704,0.0,0.0,0.0,0.0,0.0,0.0,0.0,0.0,0.0,0.0,0.0,0.0,0.0,0.0,0.0,0.0,0.0,0.0,0.0,0.0,0.0,0.0,0.0,0.0,0.0,0.0,0.0,0.0,0.0,0.0,0.0,0.0
198703,0.0,0.0,0.0,0.0,0.0,0.0,0.0,0.0,0.0,0.0,0.0,0.0,0.0,0.0,0.0,0.0,0.0,0.0,0.0,0.0,0.0,0.0,0.0,0.0,0.0,0.0,0.0,0.0,0.0,0.0,0.0,0.0
198702,0.0,0.0,0.0,0.0,0.0,0.0,0.0,0.0,0.0,0.0,0.0,0.0,0.0,0.0,0.0,0.0,0.0,0.0,0.0,0.0,0.0,0.0,0.0,0.0,0.0,0.0,0.0,0.0,0.0,0.0,0.0,0.0
198701,0.0,0.0,0.0,0.0,0.0,0.0,0.0,0.0,0.0,0.0,0.0,0.0,0.0,0.0,0.0,0.0,0.0,0.0,0.0,0.0,0.0,0.0,0.0,0.0,0.0,0.0,0.0,0.0,0.0,0.0,0.0,0.0
198612,0.0,0.0,0.0,0.0,0.0,0.0,0.0,0.0,0.0,0.0,0.0,0.0,0.0,0.0,0.0,0.0,0.0,0.0,0.0,0.0,0.0,0.0,0.0,0.0,0.0,0.0,0.0,0.0,0.0,0.0,0.0,0.0
198611,0.0,0.0,0.0,0.0,0.0,0.0,0.0,0.0,0.0,0.0,0.0,0.0,0.0,0.0,0.0,0.0,0.0,0.0,0.0,0.0,0.0,0.0,0.0,0.0,0.0,0.0,0.0,0.0,0.0,0.0,0.0,0.0
198610,0.0,0.0,0.0,0.0,0.0,0.0,0.0,0.0,0.0,0.0,0.0,0.0,0.0,0.0,0.0,0.0,0.0,0.0,0.0,0.0,0.0,0.0,0.0,0.0,0.0,0.0,0.0,0.0,0.0,0.0,0.0,0.0
198609,0.0,0.0,0.0,0.0,0.0,0.0,0.0,0.0,0.0,0.0,0.0,0.0,0.0,0.0,0.0,0.0,0.0,0.0,0.0,0.0,0.0,0.0,0.0,0.0,0.0,0.0,0.0,0.0,0.0,0.0,0.0,0.0
198608,0.0,0.0,0.0,0.0,0.0,0.0,0.0,0.0,0.0,0.0,0.0,0.0,0.0,0.0,0.0,0.0,0.0,0.0,0.0,0.0,0.0,0.0,0.0,0.0,0.0,0.0,0.0,0.0,0.0,0.0,0.0,0.0
198607,0.0,0.0,0.0,0.0,0.0,0.0,0.0,0.0,0.0,0.0,0.0,0.0,0.0,0.0,0.0,0.0,0.0,0.0,0.0,0.0,0.0,0.0,0.0,0.0,0.0,0.0,0.0,0.0,0.0,0.0,0.0,0.0
198606,0.0,0.0,0.0,0.0,0.0,0.0,0.0,0.0,0.0,0.0,0.0,0.0,0.0,0.0,0.0,0.0,0.0,0.0,0.0,0.0,0.0,0.0,0.0,0.0,0.0,0.0,0.0,0.0,0.0,0.0,0.0,0.0
198605,0.0,0.0,0.0,0.0,0.0,0.0,0.0,0.0,0.0,0.0,0.0,0.0,0.0,0.0,0.0,0.0,0.0,0.0,0.0,0.0,0.0,0.0,0.0,0.0,0.0,0.0,0.0,0.0,0.0,0.0,0.0,0.0
198604,0.0,0.0,0.0,0.0,0.0,0.0,0.0,0.0,0.0,0.0,0.0,0.0,0.0,0.0,0.0,0.0,0.0,0.0,0.0,0.0,0.0,0.0,0.0,0.0,0.0,0.0,0.0,0.0,0.0,0.0,0.0,0.0
198603,0.0,0.0,0.0,0.0,0.0,0.0,0.0,0.0,0.0,0.0,0.0,0.0,0.0,0.0,0.0,0.0,0.0,0.0,0.0,0.0,0.0,0.0,0.0,0.0,0.0,0.0,0.0,0.0,0.0,0.0,0.0,0.0
198602,0.0,0.0,0.0,0.0,0.0,0.0,0.0,0.0,0.0,0.0,0.0,0.0,0.0,0.0,0.0,0.0,0.0,0.0,0.0,0.0,0.0,0.0,0.0,0.0,0.0,0.0,0.0,0.0,0.0,0.0,0.0,0.0
198601,0.0,0.0,0.0,0.0,0.0,0.0,0.0,0.0,0.0,0.0,0.0,0.0,0.0,0.0,0.0,0.0,0.0,0.0,0.0,0.0,0.0,0.0,0.0,0.0,0.0,0.0,0.0,0.0,0.0,0.0,0.0,0.0
198512,0.0,0.0,0.0,0.0,0.0,0.0,0.0,0.0,0.0,0.0,0.0,0.0,0.0,0.0,0.0,0.0,0.0,0.0,0.0,0.0,0.0,0.0,0.0,0.0,0.0,0.0,0.0,0.0,0.0,0.0,0.0,0.0
198511,0.0,0.0,0.0,0.0,0.0,0.0,0.0,0.0,0.0,0.0,0.0,0.0,0.0,0.0,0.0,0.0,0.0,0.0,0.0,0.0,0.0,0.0,0.0,0.0,0.0,0.0,0.0,0.0,0.0,0.0,0.0,0.0
198510,0.0,0.0,0.0,0.0,0.0,0.0,0.0,0.0,0.0,0.0,0.0,0.0,0.0,0.0,0.0,0.0,0.0,0.0,0.0,0.0,0.0,0.0,0.0,0.0,0.0,0.0,0.0,0.0,0.0,0.0,0.0,0.0
198509,0.0,0.0,0.0,0.0,0.0,0.0,0.0,0.0,0.0,0.0,0.0,0.0,0.0,0.0,0.0,0.0,0.0,0.0,0.0,0.0,0.0,0.0,0.0,0.0,0.0,0.0,0.0,0.0,0.0,0.0,0.0,0.0
198508,0.0,0.0,0.0,0.0,0.0,0.0,0.0,0.0,0.0,0.0,0.0,0.0,0.0,0.0,0.0,0.0,0.0,0.0,0.0,0.0,0.0,0.0,0.0,0.0,0.0,0.0,0.0,0.0,0.0,0.0,0.0,0.0
198507,0.0,0.0,0.0,0.0,0.0,0.0,0.0,0.0,0.0,0.0,0.0,0.0,0.0,0.0,0.0,0.0,0.0,0.0,0.0,0.0,0.0,0.0,0.0,0.0,0.0,0.0,0.0,0.0,0.0,0.0,0.0,0.0
198506,0.0,0.0,0.0,0.0,0.0,0.0,0.0,0.0,0.0,0.0,0.0,0.0,0.0,0.0,0.0,0.0,0.0,0.0,0.0,0.0,0.0,0.0,0.0,0.0,0.0,0.0,0.0,0.0,0.0,0.0,0.0,0.0
198505,0.0,0.0,0.0,0.0,0.0,0.0,0.0,0.0,0.0,0.0,0.0,0.0,0.0,0.0,0.0,0.0,0.0,0.0,0.0,0.0,0.0,0.0,0.0,0.0,0.0,0.0,0.0,0.0,0.0,0.0,0.0,0.0
198504,0.0,0.0,0.0,0.0,0.0,0.0,0.0,0.0,0.0,0.0,0.0,0.0,0.0,0.0,0.0,0.0,0.0,0.0,0.0,0.0,0.0,0.0,0.0,0.0,0.0,0.0,0.0,0.0,0.0,0.0,0.0,0.0
198503,0.0,0.0,0.0,0.0,0.0,0.0,0.0,0.0,0.0,0.0,0.0,0.0,0.0,0.0,0.0,0.0,0.0,0.0,0.0,0.0,0.0,0.0,0.0,0.0,0.0,0.0,0.0,0.0,0.0,0.0,0.0,0.0
198502,0.0,0.0,0.0,0.0,0.0,0.0,0.0,0.0,0.0,0.0,0.0,0.0,0.0,0.0,0.0,0.0,0.0,0.0,0.0,0.0,0.0,0.0,0.0,0.0,0.0,0.0,0.0,0.0,0.0,0.0,0.0,0.0
198501,0.0,0.0,0.0,0.0,0.0,0.0,0.0,0.0,0.0,0.0,0.0,0.0,0.0,0.0,0.0,0.0,0.0,0.0,0.0,0.0,0.0,0.0,0.0,0.0,0.0,0.0,0.0,0.0,0.0,0.0,0.0,0.0
198412,0.0,0.0,0.0,0.0,0.0,0.0,0.0,0.0,0.0,0.0,0.0,0.0,0.0,0.0,0.0,0.0,0.0,0.0,0.0,0.0,0.0,0.0,0.0,0.0,0.0,0.0,0.0,0.0,0.0,0.0,0.0,0.0
198411,0.0,0.0,0.0,0.0,0.0,0.0,0.0,0.0,0.0,0.0,0.0,0.0,0.0,0.0,0.0,0.0,0.0,0.0,0.0,0.0,0.0,0.0,0.0,0.0,0.0,0.0,0.0,0.0,0.0,0.0,0.0,0.0
198410,0.0,0.0,0.0,0.0,0.0,0.0,0.0,0.0,0.0,0.0,0.0,0.0,0.0,0.0,0.0,0.0,0.0,0.0,0.0,0.0,0.0,0.0,0.0,0.0,0.0,0.0,0.0,0.0,0.0,0.0,0.0,0.0
198409,0.0,0.0,0.0,0.0,0.0,0.0,0.0,0.0,0.0,0.0,0.0,0.0,0.0,0.0,0.0,0.0,0.0,0.0,0.0,0.0,0.0,0.0,0.0,0.0,0.0,0.0,0.0,0.0,0.0,0.0,0.0,0.0
198408,0.0,0.0,0.0,0.0,0.0,0.0,0.0,0.0,0.0,0.0,0.0,0.0,0.0,0.0,0.0,0.0,0.0,0.0,0.0,0.0,0.0,0.0,0.0,0.0,0.0,0.0,0.0,0.0,0.0,0.0,0.0,0.0
198407,0.0,0.0,0.0,0.0,0.0,0.0,0.0,0.0,0.0,0.0,0.0,0.0,0.0,0.0,0.0,0.0,0.0,0.0,0.0,0.0,0.0,0.0,0.0,0.0,0.0,0.0,0.0,0.0,0.0,0.0,0.0,0.0
198406,0.0,0.0,0.0,0.0,0.0,0.0,0.0,0.0,0.0,0.0,0.0,0.0,0.0,0.0,0.0,0.0,0.0,0.0,0.0,0.0,0.0,0.0,0.0,0.0,0.0,0.0,0.0,0.0,0.0,0.0,0.0,0.0
198405,0.0,0.0,0.0,0.0,0.0,0.0,0.0,0.0,0.0,0.0,0.0,0.0,0.0,0.0,0.0,0.0,0.0,0.0,0.0,0.0,0.0,0.0,0.0,0.0,0.0,0.0,0.0,0.0,0.0,0.0,0.0,0.0
198404,0.0,0.0,0.0,0.0,0.0,0.0,0.0,0.0,0.0,0.0,0.0,0.0,0.0,0.0,0.0,0.0,0.0,0.0,0.0,0.0,0.0,0.0,0.0,0.0,0.0,0.0,0.0,0.0,0.0,0.0,0.0,0.0
198403,0.0,0.0,0.0,0.0,0.0,0.0,0.0,0.0,0.0,0.0,0.0,0.0,0.0,0.0,0.0,0.0,0.0,0.0,0.0,0.0,0.0,0.0,0.0,0.0,0.0,0.0,0.0,0.0,0.0,0.0,0.0,0.0
198402,0.0,0.0,0.0,0.0,0.0,0.0,0.0,0.0,0.0,0.0,0.0,0.0,0.0,0.0,0.0,0.0,0.0,0.0,0.0,0.0,0.0,0.0,0.0,0.0,0.0,0.0,0.0,0.0,0.0,0.0,0.0,0.0
198401,0.0,0.0,0.0,0.0,0.0,0.0,0.0,0.0,0.0,0.0,0.0,0.0,0.0,0.0,0.0,0.0,0.0,0.0,0.0,0.0,0.0,0.0,0.0,0.0,0.0,0.0,0.0,0.0,0.0,0.0,0.0,0.0
198312,0.0,0.0,0.0,0.0,0.0,0.0,0.0,0.0,0.0,0.0,0.0,0.0,0.0,0.0,0.0,0.0,0.0,0.0,0.0,0.0,0.0,0.0,0.0,0.0,0.0,0.0,0.0,0.0,0.0,0.0,0.0,0.0
198311,0.0,0.0,0.0,0.0,0.0,0.0,0.0,0.0,0.0,0.0,0.0,0.0,0.0,0.0,0.0,0.0,0.0,0.0,0.0,0.0,0.0,0.0,0.0,0.0,0.0,0.0,0.0,0.0,0.0,0.0,0.0,0.0
198310,0.0,0.0,0.0,0.0,0.0,0.0,0.0,0.0,0.0,0.0,0.0,0.0,0.0,0.0,0.0,0.0,0.0,0.0,0.0,0.0,0.0,0.0,0.0,0.0,0.0,0.0,0.0,0.0,0.0,0.0,0.0,0.0
198309,0.0,0.0,0.0,0.0,0.0,0.0,0.0,0.0,0.0,0.0,0.0,0.0,0.0,0.0,0.0,0.0,0.0,0.0,0.0,0.0,0.0,0.0,0.0,0.0,0.0,0.0,0.0,0.0,0.0,0.0,0.0,0.0
198308,0.0,0.0,0.0,0.0,0.0,0.0,0.0,0.0,0.0,0.0,0.0,0.0,0.0,0.0,0.0,0.0,0.0,0.0,0.0,0.0,0.0,0.0,0.0,0.0,0.0,0.0,0.0,0.0,0.0,0.0,0.0,0.0
198307,0.0,0.0,0.0,0.0,0.0,0.0,0.0,0.0,0.0,0.0,0.0,0.0,0.0,0.0,0.0,0.0,0.0,0.0,0.0,0.0,0.0,0.0,0.0,0.0,0.0,0.0,0.0,0.0,0.0,0.0,0.0,0.0
198306,0.0,0.0,0.0,0.0,0.0,0.0,0.0,0.0,0.0,0.0,0.0,0.0,0.0,0.0,0.0,0.0,0.0,0.0,0.0,0.0,0.0,0.0,0.0,0.0,0.0,0.0,0.0,0.0,0.0,0.0,0.0,0.0
198305,0.0,0.0,0.0,0.0,0.0,0.0,0.0,0.0,0.0,0.0,0.0,0.0,0.0,0.0,0.0,0.0,0.0,0.0,0.0,0.0,0.0,0.0,0.0,0.0,0.0,0.0,0.0,0.0,0.0,0.0,0.0,0.0
198304,0.0,0.0,0.0,0.0,0.0,0.0,0.0,0.0,0.0,0.0,0.0,0.0,0.0,0.0,0.0,0.0,0.0,0.0,0.0,0.0,0.0,0.0,0.0,0.0,0.0,0.0,0.0,0.0,0.0,0.0,0.0,0.0
198303,0.0,0.0,0.0,0.0,0.0,0.0,0.0,0.0,0.0,0.0,0.0,0.0,0.0,0.0,0.0,0.0,0.0,0.0,0.0,0.0,0.0,0.0,0.0,0.0,0.0,0.0,0.0,0.0,0.0,0.0,0.0,0.0
198302,0.0,0.0,0.0,0.0,0.0,0.0,0.0,0.0,0.0,0.0,0.0,0.0,0.0,0.0,0.0,0.0,0.0,0.0,0.0,0.0,0.0,0.0,0.0,0.0,0.0,0.0,0.0,0.0,0.0,0.0,0.0,0.0
198301,0.0,0.0,0.0,0.0,0.0,0.0,0.0,0.0,0.0,0.0,0.0,0.0,0.0,0.0,0.0,0.0,0.0,0.0,0.0,0.0,0.0,0.0,0.0,0.0,0.0,0.0,0.0,0.0,0.0,0.0,0.0,0.0
